,ID,Service,Price/1000,Min,Max,Description
0,375,HQ Instagram Likes (15 Minutes start  up to 10K/Daily  Real Profiles),4.1,20,80000, More 
1,369,Instagram Likes New [5k] - Good Quality - Update 03/2020,1.3,10,5000, More Launch: Within 5-10 minutes Speed: 5-50 per minute Good Quality: 4+ 
2,344,Instagram Likes [MIX Real accounts]  - Update 03/2020,3.5,50,1000, More - Start time: 1-15 Min - Speed: 50-200 per Min - Lifetime Guarantee - Min = 50 - Max = 1000 Speed: 50-200 per minute - Good quality quick start! Stable service! Various real live accounts with subscribers avatars and photos. 
3,355,Instagram Likes [EU accounts] - Update 03/2020,1.2,20,5000, More - Start time: 1-10 Min - Speed: 10 per Min - Lifetime Guarantee - Min = 10 - Max = 5000 
4,368,Instagram Followers New [10k] - Perfect Quality - Update 03/2020,6,40,20000, More Start: 0-3H Speed: 1-2K Daily Drop Ratio: 5-15% drop 
5,374,HQ Instagram Followers (30 Minutes start  up to 10K/Daily),7.4,50,30000, More 
6,346,Instagram Followers [SLOW  quality*****],6.7,50,1000, More - Start time: 1-3 h - Speed: VERY Slow (up to 100 per day) - 30 Day Guarantee - Min = 50 - Max = 500 Low percentage of unsubscribes after execution - can be re-ordered 
7,354,NEW - Instagram Followers [Refill 15] 20K quality ****,6.8,100,40000, More - Start time: Instant to 12h - 12 Day Guarantee - Min = 100 - Max = 20000 
8,365,Instagram Story Views [30K] [INSTANT - 30K/Day],0.6,100,30000, More Start Time: Instant - 1 hours Speed: 10K/ day Refill: No refill / No refund Specs: Send Username Only 
9,256,Instagram Views - JAPAN,0.3,100,55000, More - Start time: Instant - Speed: 20K - 30K per Day - Min = 100 - Max = 55000 
10,257,Instagram Views - DUBAI,0.3,100,65000, More - Start time: Instant - Speed: 20K - 30K per Day - Min = 100 - Max = 65000 
11,243,Instagram Views - Quality ‚òÖ‚òÖ‚òÖ‚òÖ‚òÖ,0.1,100,500000, More - Start time: Instant Min = 100 Max = 500 000 
12,245,Instagram Views + Impressions + Profile Visits,0.2,20,5000000, More - Start time: Instant - Speed: Up to 300K Per Hour - Impressions = Randomly Selected - Profile Visits = 20% to 30% of Ordered Amount - Min = 20 - Max = 5M 
13,248,Instagram Views + Impressions - TRENDING HITS,0.15,100,1000000, More - Start time: Instant - Speed: 500K+ per Day - Min = 100 - Max = 1M 
14,249,Instagram Views - EXCLUSIVE,0.1,100,3000000, More - Start time: Super Instant - Speed: 100k to 300k per Day - Min = 100 - Max = 3M 
15,244,Instagram Views + Impressions,0.05,100,5000000, More - Start time: Instant - Min = 100 - Max = 5 000 000 
16,247,Instagram Views + Impressions [FAST] [1M] ‚ö°Ô∏èüíßüî•,0.1,100,1000000, More 
17,250,Instagram Views + Impressions - 300K-500K/Hour,0.1,100,1000000, More - Start time: Instant - Speed: 300K to 500K per Hour - Min = 100 - Max = 1 000 000 
18,252,Instagram Views - ARAB,0.2,100,80000, More - Start time: Instant - Speed: 20K - 30K per Day - Min = 100 - Max = 80 000 
19,253,Instagram View - USA,0.3,100,55000, More - Start time: Instant - Speed: 20K - 30K per Day - Min = 100 - Max = 55 000 
20,254,Instagram Views - FRANCE,0.3,100,55000, More - Start time: Instant - Speed: 20K-30K per Day - Min = 100 - Max = 55 000 
21,255,Instagram Views - UK,0.3,100,55000, More - Start time: Instant - Speed: 20K - 30K per Day - Min = 100 - Max = 55 000 
22,300,IGTV Random Comments - Quality ‚òÖ‚òÖ‚òÖ‚òÖ‚òÖ,1.6,10,1000000, More - Start time: Instant - Min = 10 - Max = 1 000 000 - Full TV Video Link Needed 
23,276,Instagram Saves - Exclusive,0.05,100,50000, More - Min = 100 - Max = 50 000 
24,278,Instagram Impressions + Profile Visits,0.1,100,250000, More - Start time: Instant - Min = 100 - Max = 250 000 - 100% Of Quantity adds as Impressions (Randomly) - 20% Of Quantity adds as Profile Visits 
25,279,Instagram Impressions,0.1,100,1000000, More - Start time: Instant - Min = 100 - Max = 1 000 000 
26,285,Instagram Saves [5K],0.2,1,5000, More - Start time: Instant - Min = 1 - Max = 5000 
27,301,IGTV Random Emoji Comments,0.75,10,1000000, More - Start time: Instant - Min = 10 - Max = 1 000 000 Full TV Video Link Needed 
28,302,IGTV Comments,3.25,100,100000, More - Start time: Instant - Min = 100 - Max = 100 000 
29,373,Youtube Subscribers [100K] [R30] [1H - 50/Day],21,5,1500, More 
30,359,YouTube likes (max 2–∫  100-200 per day) NEW,16.5,10,2000, More min 10 max 2000 speed 100 per day 
31,358,Youtube subscribers (max 5–∫   100 per day) NEW,14.7,10,5000, More min 10 max 5000 speed 100-200 day Stable service added gradually. Subscribers are added manually by live people. There are YouTube deductions but not many 
32,364,Youtube Views [10M] [300SEC - FAST SPEED - Instant],2.2,500,10000000, More Highly Recommended. These views are Super Instant!! It is completed faster then the views are shown. Please wait until YouTube updates the counter and it will show all the views. 
33,193,Youtube Views - Refill 30 Days,1.45,500,50000000, More - Start time: Up to 6 Hours - Refill Guarantee: 30 days - Speed: Up to 100K per Day - Up to 10' Retention - Device Type = RANDOM - Min = 500 - Max = 50M - Specs = If you see order mark as completed But views not appear Just click on the LIKE button Views will be appear within 30 SECONDS. 
34,197,Youtube Views,2.2,500,1000000, More - Start time: Up to 6 Hours - Refill Guarantee: 20 days - Referral = Random - Speed: Up to 50K per Day - Min = 500 - Max = 1 000 000 - Specs = If you see order mark as completed But views not appear Just click on the LIKE button Views will be appear within 30 SECONDS. - Check Counter = http://youtubecount.com/ 
35,370,Twitter Followers - 1k Max,6.4,20,1000, More - Start time: Instant - Refill Guarantee: 15 days - Speed: 100-150 per Day - Min = 20 - Max = 1000 
36,372,Twitter Followers [4K] [R30] [REAL] [12H - 1K/Day],17.4,50,4000, More 100% Real Active Users 30 days guarantee 
37,5,Twitter Followers,6.9,100,30000, More - Start time: Instant - Refill Guarantee: 60 days Non drop - Speed: 100-150 per Day - Min = 100 - Max = 30 000 
38,6,Twitter Likes / Favorites,10.3,10,30000, More - Start time: Instant - Refill Guarantee: 60 days Non drop - Speed: 100-150 per Day - Min = 10 - Max = 30000 
39,7,Twitter Retweets,10.3,10,30000, More - Start time: Instant - Refill Guarantee: 60 days Non drop - Speed: 100-150 per Day - Min = 10 - Max = 30000 
40,153,SoundCloud Fast Plays,0.05,50000,10000000, More - Start time: 0 to 12 Hours - Speed: 3 to 5 Millions per Day - Min = 50K - Max = 10M Full Link! 
41,154,SoundCloud Plays,0.05,5000,10000000, More - Start time: 0 to 12 Hours - Speed: 1 to 3M per Day - Min = 5K - Max = 10M 
42,155,SoundCloud Plays,0.05,100,1500000, More - Start time: Instant - Speed: 50K - 100K per Day - Min = 100 - Max = 1 500 000 
43,156,SoundCloud USA Plays,0.1,10000,10000000, More - Start time: 1-12 Hours - Speed: 400 to 1K per Day - Min = 10 000 - Max = 10 000 000 
44,157,SoundCloud Plays - Instant,0.15,20,10000000, More - Start time: Instant - Speed: 10K - 100K per Day - Min = 20 - Max = 10M 
45,158,SoundCloud Downloads,0.1,1000,10000000, More - Start time: 0 to 12 Hours - Speed: 10K to 50K per Day - Min = 1000 - Max = 10 000 000 Full Link! Track Must Be Downloadable! 
46,159,SoundCloud Downloads - Faster,0.2,100,1500000, More - Start time: 0-1 Hour - Speed: 20K - 200K per Day - Min = 100 - Max = 1 500 000 
47,160,SoundCloud Likes,1.7,20,1000000, More - Start time: 0-1 Hour - Speed: 1K - 10K per Day - Min = 20 - Max = 1 000 000 
48,161,SoundCloud USA Followers,1.3,100,50000, More - Start time: 0 to 12 Hours - Refill Guarantee: 30 days - Speed: 1k to 2k per Day - Min = 100 - Max = 50 000 
49,162,SoundCloud Followers,2.1,100,50000, More - Start time: 0-1 Hour - Refill Guarantee: max 60 days - Speed: 10K per Day - Min = 100 - Max = 50 000 
50,163,SoundCloud USA Reposts,1.3,100,50000, More - Start time: 0 to 12 Hours - Refill Guarantee: 30 days - Speed: 1k to 2k per Day - Min = 100 - Max = 50 000 
51,164,SoundCloud Reposts - Quality ‚òÖ‚òÖ‚òÖ,3.9,20,10000, More - Start time: 0-1 Hour - Speed: 5K per Day - Min = 20 - Max = 10000 
52,165,SoundCloud Reposts - Quality ‚òÖ‚òÖ‚òÖ‚òÖ,7.8,20,5000, More - Start time: 0-1 Hour - Delivery Time: 24 Hours - Min = 20 - Max = 5 000 
53,166,SoundCloud Reposts -  Quality ‚òÖ‚òÖ‚òÖ‚òÖ‚òÖ,14.3,20,1000000, More - Start time: 0-1 Hour - Speed: 1K - 10K per Day - Min = 20 - Max = 1 000 000 
54,167,SoundCloud Comments,11.7,20,1000000, More - Start time: 0-1 Hour - Speed: 1K -10K per Day - Min = 20 - Max = 1 000 000 
55,102,Spotify Custom Playlist Plays,3.9,5000,1000000, More - Start time: 0-24 Hours - Refill Guarantee: 30 days - Speed: 10-100 per Day - Min = 5000 - Max = 1 000 000 *Enter Playlist link(The playlist needs to have a minimum of 5 songs). You can add as many songs you want in the playlist. The plays will be split evenly among them. E.G.: 20k order on 10 songs = 2k per song *Special bulk pricing for orders of 100 000 or more contact us via tickets for more info. 
56,103,Spotify Plays/Streams - Multiples of 1 000,6.5,5000,10000000, More - Start time: 0-24 Hours - Refill Guarantee: 60 days - Speed for small orders: 10-100 per Day - Speed for big orders: 500-1 000 per Day - Min = 5 000 - Max = 10 000 000 *Enter track link *Special bulk pricing for orders of 100 000 or more contact us via tickets for more info 
57,56,Vimeo Like,19.5,100,25000, More - Start time: Up to 24 Hours - Refill Guarantee: - Speed: - Min = 100 - Max = 25000 
58,57,Vimeo Follower,19.5,100,25000, More - Start time: Up to 24 Hours - Refill Guarantee: - Speed: - Min = 100 - Max = 25000 
