,ID,Name,Rateper1000($),Min/Maxorder,Description
0,2749,  ğŸ…› Instagram Blue Tick Verified Likes [â‚¹15=1 Like]  ,  $210  ,1 / 15, Details 
1,2747,  ğŸ…¡ Instagram Blue Tick Verified Random Comments [Max 10]  ,  $280  ,1 / 10, Details 
2,2748,  ğŸ…’ Instagram Verified Custom Comments [27â‚¹] [Max 10]  ,  $378  ,1 / 10, Details 
3,2718,  ğŸŒ  Poster Creation for Instagram/Facebook [1 poster = 150rs]  ,  $2.1  ,1000 / 1000, Details 
4,2717,  âœğŸ» Content Writing [Any Niche] [500 Words = 200rs]  ,  $2.8  ,1000 / 1000, Details 
5,2715,  âœğŸ» Content Writing [Any Niche] [1000 Words = 400rs]  ,  $5.6  ,1000 / 1000, Details 
6,2716,  âœğŸ» Content Writing [Any Niche] [200 Words = 800rs]  ,  $11.2  ,1000 / 1000, Details 
7,2771,  Instagram LQ Followers [BOTS]  ,  $0.5  ,10 / 20000, Details 
8,2772,  âšœï¸ Instagram Followers [Real Mixed]  ,  $0.7  ,20 / 10000, Details 
9,2744,  ğŸ¼ Instagram Working Followers  ,  $0.7  ,10 / 50000, Details 
10,2168,  ğŸ¼ Instagram Emergency Followers  ,  $0.8  ,10 / 100000, Details 
11,2742,  ğŸ”¥ Instagram Followers [50k]  ,  $0.9  ,20 / 50000, Details 
12,2480,  Instagram HQ Followers [1k]  ,  $1.1  ,50 / 1000, Details 
13,2425,  [NEW] Instagram Followers [Real Mixed]NR  ,  $1.3  ,20 / 50000, Details 
14,2539,  ğŸ”¥ MSP Exclusive Followers [10k] [Instant]  ,  $1.3  ,100 / 10000, Details 
15,2502,  Instagram Followers [LQ][ 30 Days Refill ]  ,  $2  ,100 / 5000, Details 
16,2770,  {New} Instagram Followers [R30][30K]  ,  $2.3  ,50 / 30000, Details 
17,2509,  âœ¨ Instagram Followers [30Days Refill]  ,  $2.4  ,100 / 10000, Details 
18,2160,  ğŸ”¥ Instagram followers [3k/ Day][R30]  ,  $2.5  ,50 / 10000, Details 
19,2479,  [New] Instagram Followers [Slow] [5k]  ,  $2.6  ,100 / 10000, Details 
20,2541,  ğŸ¼ ğŸ”¥ MSP Exclusive Refill Followers [5k] [Instant]  ,  $2.6  ,100 / 5000, Details 
21,2576,  ğŸ¦¾ Instagram Real HQ Followers [ 30 Days Refill ]  ,  $2.7  ,100 / 10000, Details 
22,2483,  âœ… Instagram HQ Followers [ 1k/day ] [SLOW ] [ R30 ]  ,  $2.9  ,50 / 10000, Details 
23,2161,  ğŸ¼âœ… Instagram Real Followers [AR30 ]âš¡ï¸  ,  $3.2  ,100 / 10000, Details 
24,2485,  âœ… Instagram Followers [100% Real ] Less drop [R30] [Fast]  ,  $3.5  ,50 / 150000, Details 
25,2753,  ğŸ‡®ğŸ‡³ Instagram Real Indian Mix HQ Follower [30 Day AR]  ,  $3.8  ,50 / 10000, Details 
26,2162,  ğŸ”¥Instagram Followers R30 ( Real ) 0-15% DROP  ,  $4.3  ,50 / 15000, Details 
27,2490,  Instagram Followers ( Good Quality )- Slow  ,  $5.3  ,100 / 15000, Details 
28,2426,  âœ… Instagram Followers (Less Drops) Best Quality  ,  $8.8  ,20 / 20000, Details 
29,2567,  ğŸ¼ Instagram Followers [Lifetime Guarantee] [Check Description]  ,  $12.6  ,1000 / 1000, Details 
30,2150,  ğŸ‡®ğŸ‡©Instagram Followers [INDONESIA] [12H - 500/Day]  ,  $3.2  ,100 / 50000, Details 
31,2756,  ğŸ‡®ğŸ‡³ Instagram Real Indian Mix HQ Follower [30 Day AR]  ,  $3.8  ,50 / 10000, Details 
32,2566,  ğŸ‡ªğŸ‡¸ Instagram Followers [SPANISH] [R20]  ,  $4.1  ,100 / 10000, Details 
33,2565,  ğŸ‡¦ğŸ‡ª Instagram Followers [ ARAB ][R30]  ,  $6.9  ,100 / 20000, Details 
34,2152,  ğŸ‡§ğŸ‡· Instagram Followers [BRAZIL][No Refill]  ,  $7.3  ,10 / 1000, Details 
35,2156,  Instagram ğŸ‡§ğŸ‡· Brazil Followers âš¡ğŸŒŸâš¡Very Less drop - No refill  ,  $10  ,25 / 3000, Details 
36,2151,  â™»ğŸ‡§ğŸ‡·Instagram Followers [BRAZIL] [R30] [SLOW] â™»  ,  $12.1  ,100 / 10000, Details 
37,2735,  ğŸ¦¾ MSP SEO Likes ğŸ“ˆ [15k]  ,  $0.6  ,1000 / 15000, Details 
38,2769,  ğŸ¼ Super Instant IG LIkesğŸ”¥ğŸ”¥  ,  $0.7  ,10 / 25000, Details 
39,2299,  ğŸ’« Instagram Likes [50k]  ,  $0.7  ,20 / 50000, Details 
40,2738,  ğŸ”¥ Instagram Likes [Real]  ,  $0.6  ,20 / 25000, Details 
41,2171,  ğŸ’«IG Likes - Natural Speed - Real Likes  ,  $0.7  ,50 / 50000, Details 
42,2172,  ğŸ¢IG Likes Slow - Real Accounts  ,  $0.7  ,20 / 50000, Details 
43,2170,  ğŸ’¥ IG Instant Likes ( Asian accounts ) Real accounts  ,  $0.8  ,50 / 20000, Details 
44,2766,  [New] Instagram Likes [500-1k/hr]  ,  $0.8  ,50 / 10000, Details 
45,2140,  â¤ï¸ Instagram Likes FASTEST Non Drop Plan ğŸ”¥âš¡âš¡  ,  $1.1  ,100 / 20000, Details 
46,2754,  ğŸ‡®ğŸ‡³ Instagram Mix Indian Likes [15k] [instant]  ,  $1.1  ,20 / 2000, Details 
47,2547,  ğŸ’¥ Instagram Likes [Real] [15k]  ,  $1.5  ,10 / 15000, Details 
48,2441,  ğŸ‡ºğŸ‡² Real Instagram Likes [USA]  ,  $0.7  ,20 / 20000, Details 
49,2755,  ğŸ‡®ğŸ‡³ Instagram Mix Indian Likes [15k] [instant]  ,  $1.1  ,20 / 2000, Details 
50,2188,  ğŸ¦¾ Instagram POWER Likes [17K] [Slow]  ,  $1.8  ,100 / 23000, Details 
51,2187,  ğŸ¦¾ Instagram POWER Likes [5K]  ,  $2.1  ,100 / 5000, Details 
52,2186,  ğŸ¦¾ Instagram POWER Likes [20K]  ,  $2.8  ,50 / 5000, Details 
53,2454,  ğŸ…ğŸ‘Instagram Likes HQ (10 Old Posts]  ,  $7  ,50 / 50000, Details 
54,2453,  ğŸ…ğŸ‘Instagram Likes Real (10 Old Posts)  ,  $27.9  ,50 / 10000, Details 
55,2773,  ğŸ¦‹ Instagram Reels Views [Instant]  ,  $0  ,100 / 1000000, Details 
56,2774,  Instagram Reel Likes [30k]  ,  $1  ,10 / 50000, Details 
57,2213,  ğŸ‘â€ğŸ—¨ Instagram Views[Slow]  ,  $0  ,100 / 100000, Details 
58,2377,  Instagram Superfast Bulk Views [5M]  ,  $0  ,100 / 5000000, Details 
59,2216,  ğŸŠIG Views + Impressions Cheapest  ,  $0  ,100 / 1000000, Details 
60,2218,  ğŸ†IG Views + Impressions + Profile Visits Cheapest  ,  $0.1  ,100 / 10000000, Details 
61,2214,  ğŸ’«IG Views + Profile Visits + Impressions + Interaction + Reach âš¡âš¡  ,  $0.1  ,250 / 1000000, Details 
62,2215,  â™¦ï¸IG Views + Impressions + Profile Visits  ,  $0.1  ,500 / 10000000, Details 
63,2217,  ğŸ’ªIG Views + Impressions [FROM OTHER]  ,  $0.1  ,100 / 50000, Details 
64,2219,  ğŸŒIG Views + Impressions [FROM EXPLORE]  ,  $0.1  ,100 / 2000000, Details 
65,2220,  ğŸ—¾IG Views + Impressions [FROM LOCATION]  ,  $0.1  ,100 / 2000000, Details 
66,2221,  ğŸ IG Views + Impressions [FROM HOME]  ,  $0.1  ,100 / 2000000, Details 
67,2212,  ğŸ”¥IG Video Views on Post - Super Fast Delivery âš¡ï¸  ,  $0.1  ,100 / 1000000, Details 
68,2736,  ğŸ“ˆ Instagram SEO Views [Trending Trick]  ,  $0.1  ,1000 / 50000, Details 
69,2232,  ğŸŒInstagram REACH + Impressions ( Unique Service )  ,  $0.9  ,25 / 50000, Details 
70,2690,  1 000 Social Signals from Facebook  ,  $4.1  ,1 / 1, Details 
71,2695,  5 000 Social Signals from Pinterest  ,  $4.9  ,1 / 1, Details 
72,2691,  5 000 Social Signals from Facebook  ,  $6  ,1 / 1, Details 
73,2692,  10 000 Social Signals from Facebook  ,  $8.3  ,1 / 1, Details 
74,2693,  20 000 Social Signals from Facebook  ,  $9.1  ,1 / 1, Details 
75,2696,  15 000 Social Signals from Pinterest  ,  $9.9  ,1 / 1, Details 
76,2694,  50 000 Social Signals from Facebook  ,  $12.2  ,1 / 1, Details 
77,2697,  30 000 Social Signals from Pinterest  ,  $12.5  ,1 / 1, Details 
78,2195,  ğŸ’ŒInstagram Impressions (Real]  ,  $0.1  ,20 / 10000, Details 
79,2199,  ğŸ“º Instagram Live Video Likes [10k]  ,  $0.2  ,200 / 10000, Details 
80,2205,  ğŸ“ºInstagram Live Video Likes [10K]  ,  $0.2  ,200 / 10000, Details 
81,2375,  Instagram Live Viewers For 10 Minutes  ,  $2.5  ,20 / 2000, Details 
82,2374,  Instagram Live Viewers For 20 Minutes  ,  $3.6  ,20 / 2000, Details 
83,2373,  Instagram Live Viewers For 30 Minutes  ,  $4.6  ,20 / 2000, Details 
84,2372,  Instagram Live Viewers For 40 Minutes  ,  $5.7  ,20 / 2000, Details 
85,2204,  ğŸ“ºInstagram Live Video Comments [2K] [RANDOM] [FEMALE] [INSTANT]ğŸ™†â€â™€ï¸  ,  $5.9  ,50 / 2000, Details 
86,2202,  ğŸ“º Instagram Live Video Comments [2K] [RANDOM] [INSTANt]  ,  $6.5  ,50 / 2000, Details 
87,2371,  Instagram Live Viewers For 50 Minutes  ,  $7  ,20 / 2000, Details 
88,2370,  Instagram Live Viewers For 60 Minutes  ,  $7.9  ,20 / 2000, Details 
89,2203,  ğŸ“ºInstagram Live Video Comments [2K] [RANDOM] [MALE] [INSTANT]ğŸ‘¨ğŸ»â€ğŸ’»  ,  $10.6  ,50 / 2000, Details 
90,2267,  ğŸ’«IG Random Comments - Real Accounts  ,  $12.6  ,5 / 100, Details 
91,2269,  ğŸŒŸIG CUSTOM Comments - Real Accounts  ,  $17.6  ,5 / 500, Details 
92,2278,  â¬‡ï¸Instagram Saves ğŸŒŸ  ,  $0  ,10 / 25000, Details 
93,2273,  ğŸ‡§ğŸ‡·Instagram Story Views  ,  $1.3  ,20 / 2000, Details 
94,298,  just.crush.feelings [MSP FAVOURITE] [Post+Story]  ,  $3.6  ,1000 / 1000, Details 
95,289,  ğŸ’ğŸ’the_aww_things [Post+Story]  ,  $3.9  ,1000 / 1000, Details 
96,2393,  studentlovefact [Post+Story]  ,  $4.2  ,1000 / 1000, Details 
97,295,  sadcasm1 [Post+Story]  ,  $5.6  ,1000 / 1000, Details 
98,2392,  couple_love.aa [Post+Story]  ,  $5.6  ,1000 / 1000, Details 
99,2394,  Ad on 1 million Base Insta Page [post+story]  ,  $42  ,1000 / 1000, Details 
100,2279,  ğŸ“ºInstagram TV Views âš¡ï¸  ,  $0.1  ,100 / 10000000, Details 
101,2461,  IGTV Comments [100K] [1H ]ğŸ’§  ,  $22.3  ,5 / 1000, Details 
102,2466,  ğŸ…IG Auto Likes For Next 7days  ,  $26.6  ,100 / 10000, Details 
103,2468,  ğŸ…IG Auto Likes For Next 15d  ,  $55.9  ,100 / 10000, Details 
104,2730,  ğŸ…œ Facebook Page Likes [4k]  ,  $2  ,100 / 4000, Details 
105,2752,  â£ï¸ Facebook Page Likes [30DR] [5k]  ,  $2.3  ,100 / 5000, Details 
106,2500,  ğŸ“ Facebook Page Likes [ LQ ] [ No Refill ]  ,  $2.4  ,100 / 4000, Details 
107,2768,  ğŸ‡®ğŸ‡³ Facebook Indian Page Likes [Non Drop] [100% REAL THROUGH ADS]  ,  $3.1  ,5000 / 500000, Details 
108,2230,  ğŸ¦‹ Facebook Page Likes 30DR [1k/Day]  ,  $3.6  ,500 / 70000, Details 
109,2486,  [New] Facebook Page likes HQ [30 Days Refill]  ,  $4.2  ,500 / 50000, Details 
110,2314,  ğŸ’ªFB Page Likes Superfast- 30D Refill  ,  $10.2  ,100 / 50000, Details 
111,2558,  ğŸ¼ Facebook Page Likes [ Non Drop Lifetime Guarantee ]  ,  $11.2  ,500 / 20000, Details 
112,2575,  ğŸ¼ 50k Real Facebook Page Likes By Ads  ,  $140  ,1000 / 1000, Details 
113,2746,  â£ï¸ Facebook Post Likes [NR]  ,  $0.7  ,20 / 3000, Details 
114,2316,  ğŸ’  âš¡FB - Post/Photo Likes Superfast Service - MSP Exclusive  ,  $2.6  ,20 / 3000, Details 
115,2317,  ğŸ’ FB- Photo/Post Likes NON DROP - 30 Day Refill  ,  $4.7  ,100 / 15000, Details 
116,2321,  ğŸ§¡Facebook -ğŸ§¡ Emoticons Post Like ( Heart )  ,  $5.4  ,100 / 10000, Details 
117,2322,  ğŸ˜‚Facebook -ğŸ˜‚Emoticons Post Like ( Haha )  ,  $5.4  ,100 / 10000, Details 
118,2323,  ğŸ˜®Facebook -ğŸ˜® Emoticons Post Like ( Wow )  ,  $5.4  ,100 / 10000, Details 
119,2324,  ğŸ˜¥Facebook -ğŸ˜¥ Emoticons Post Like ( Sad)  ,  $5.4  ,100 / 10000, Details 
120,2325,  ğŸ˜¡Facebook -ğŸ˜¡Emoticons Post Like ( Angry )  ,  $5.4  ,100 / 10000, Details 
121,2318,  â¤ï¸Facebook - Post/Photo Likes High Quality - Good profiles  ,  $6.4  ,100 / 15000, Details 
122,2228,  ğŸ¦‹ Facebook Video Views [LQ]  ,  $0  ,100 / 2000000000, Details 
123,2326,  ğŸ“ºFacebook - Video Views  ,  $0.1  ,100 / 2000000000, Details 
124,2761,  ğŸ’Facebook Video Views [20 Seconds Watchtime]  ,  $0.1  ,100 / 100000000, Details 
125,2762,  ğŸ’Facebook Video Views [40 Seconds Watchtime]  ,  $0.1  ,100 / 100000000, Details 
126,2763,  ğŸ’Facebook Video Views [60 Seconds Watchtime]  ,  $0.1  ,100 / 1000000000, Details 
127,2764,  ğŸ’Facebook Video Views [Full Watchtime]  ,  $0.4  ,100 / 100000000, Details 
128,1833,  Facebook Video Views [HQ]  ,  $11.8  ,100 / 1000000, Details 
129,2348,  ğŸ“¡FBPost Shares  ,  $7.1  ,25 / 1000000, Details 
130,2347,  ğŸ“¡FB Website Share  ,  $8.5  ,50 / 1000000, Details 
131,2349,  ğŸ“† FB Event Join/Confirmed  ,  $9.9  ,20 / 5000, Details 
132,2350,  ğŸ“† FB Event Interested  ,  $9.9  ,20 / 5000, Details 
133,2351,  ğŸ“†MALE FB Event Interested  ,  $11.8  ,20 / 1000, Details 
134,2352,  ğŸ“†FEMALE FB Event Interested  ,  $11.8  ,20 / 1000, Details 
135,2353,  ğŸ“†MALE FB Event Join/Confirmed  ,  $11.8  ,20 / 1000, Details 
136,2354,  ğŸ“† FEMALE FB Event Join/Confirmed  ,  $11.8  ,20 / 1000, Details 
137,2337,  âœ¡ï¸Facebook 5 STAR Rating â­â­â­â­â­  ,  $25.4  ,10 / 5000, Details 
138,2335,  âœ¡ï¸Facebook Custom 5 STAR â­â­â­â­â­ Fan Page Ratings  ,  $29.1  ,20 / 5000, Details 
139,2339,  â™‚ï¸ FB- RANDOM MALE CommentsğŸ“  ,  $49.4  ,15 / 100, Details 
140,2341,  â™€ï¸FB- CUSTOM FEMALECommentsğŸ“  ,  $49.4  ,15 / 100, Details 
141,2343,  ğŸ‡®ğŸ‡³ FB- RANDOM INDIAN CommentsğŸ“)  ,  $58.8  ,10 / 30, Details 
142,2340,  â™‚ï¸FB- CUSTOM MALE CommentsğŸ“  ,  $76.4  ,15 / 100, Details 
143,2342,  â™€ï¸FB- CUSTOM FEMALECommentsğŸ“  ,  $76.4  ,15 / 100, Details 
144,2344,  ğŸ‡®ğŸ‡³FB- CUSTOM INDIAN CommentsğŸ“  ,  $84.7  ,10 / 30, Details 
145,2482,  Facebook - Followers [ Max - 10k ] [ 500-1k/day ] [ 30 Days Refill ] 0-12HRS  ,  $4.5  ,100 / 25000, Details 
146,2346,  ğŸ§‘â€ğŸ¤â€ğŸ§‘Facebook - Group Members  ,  $4.7  ,100 / 25000, Details 
147,2345,  â¤ï¸Facebook -Friend Requests  ,  $25.9  ,100 / 5000, Details 
148,2537,  ğŸ”¸[NEW ] Youtube Cheapest Views [ Life Time Guaranteed ]  ,  $0.9  ,1000 / 50000, Details 
149,2297,  â™¦ï¸Youtube HQ Views [ No Refill ] [15k] [Slow]  ,  $1  ,1000 / 15000, Details 
150,2391,  âš¡âš¡Youtube Non Drop Views [BEST Service]  ,  $1.2  ,1000 / 1000000, Details 
151,2388,  ğŸ”¸Youtube Views [Lifetime Guarantee]  ,  $1.4  ,1000 / 1000000, Details 
152,2209,  ğŸ”¸Youtube Real Views [0-3min Retention] [20k]  ,  $1.5  ,1000 / 500000, Details 
153,2415,  ğŸ”¸Youtube Non Drop Views [Best] [10-30k per Day]  ,  $1.5  ,1000 / 1000000, Details 
154,2376,  ğŸ”¸â™»ï¸ Youtube SEO Views [NON DROP] [Lifetime Guarantee]  ,  $1.7  ,1000 / 10000000, Details 
155,2757,  âš¡ï¸âš¡ï¸ Youtube Likes [NR]  ,  $1.2  ,20 / 100000, Details 
156,2234,  Youtube Likes [No Refill] [slow]  ,  $1.7  ,100 / 50000, Details 
157,2758,  ğŸ…› Youtube LQ Likes [ 30 days Refill ]  ,  $1.7  ,50 / 100000, Details 
158,2729,  ğŸ…œ YouTube MQ Likes [30 Day Refill]  ,  $2.7  ,20 / 10000, Details 
159,2544,  Youtube DisLikes [3K] [NR]  ,  $5.5  ,50 / 3000, Details 
160,2408,  ğŸ“Youtube - Custom Comments âš¡âš¡  ,  $8.1  ,10 / 5000, Details 
161,2410,  ğŸ‘Youtube - Dislikes Instant Start  ,  $14.7  ,50 / 1000000, Details 
162,2404,  ğŸ”¥Youtube Likes [Best Service] [Non Drop]  ,  $16.5  ,50 / 10000, Details 
163,2411,  ğŸ‘Youtube - Dislikes Fastest Plan  ,  $18.3  ,100 / 150000, Details 
164,2403,  à¤¹à¤¿à¤¨à¥à¤¦à¥€ Youtube Custom Comments  ,  $21.2  ,10 / 100000, Details 
165,2406,  â™»ï¸Youtube Likes [Life Time Refill]  ,  $28.1  ,100 / 100000, Details 
166,2356,  ğŸ‡®ğŸ‡³Youtube Comments [RANDOM] [INDIA]  ,  $35  ,10 / 100, Details 
167,2407,  ğŸ“Youtube - Comments from France accounts.  ,  $36.8  ,10 / 100, Details 
168,2488,  Youtube Subs [30 Days Refill][20-70/Day]  ,  $13.3  ,100 / 20000, Details 
169,2469,  Youtube Subscribers [Life Time Guarantee]  ,  $21.3  ,100 / 20000, Details 
170,2524,  â¤ï¸Youtube Subscribers {100/day} 30DR  ,  $22.4  ,100 / 2000, Details 
171,2295,  YouTube Pre-Premiere Waiting Views [ Instant ]  ,  $3.9  ,1000 / 100000, Details 
172,2296,  Youtube Live Stream Views [ MONETIZABLE ] [ REAL ] INSTANT  ,  $3.9  ,1000 / 100000, Details 
173,2732,  ğŸ“Youtube Adword Views [English   Hindi] [No Punjabi Video] [Min. 10k]  ,  $1  ,10000 / 30000, Details 
174,2731,  Youtube Adword Views [Punjabi Videos Only]  ,  $1.1  ,10000 / 30000, Details 
175,2521,  Google Adwords Youtube Views with report (ss) - WW  ,  $1.3  ,50000 / 500000000, Details 
176,2294,  Youtube Views [Adwords] [ Non Drop ]  ,  $1.8  ,20000 / 100000000, Details 
177,2293,  Youtube Adword INDIAN Views  ,  $2  ,50000 / 100000000, Details 
178,2522,  INDIAN Adwords Youtube Views with report (ss)  ,  $2.2  ,50000 / 500000000, Details 
179,2517,  ğŸ“ˆ Youtube SEO Views [100k][NON DROP]  ,  $1.6  ,1000 / 100000, Details 
180,2743,  Â ğŸ¼ YouTube Watchtime [ Minimum 60+ Minutes Video Length ]  ,  $5  ,1000 / 4000, Details 
181,2733,  ğŸ…œ Youtube MQ Watch Time [ Non Drop ] [ Life Time Guaranteed ] INSTANT  ,  $7  ,100 / 4000, Details 
182,2416,  ğŸ“¡Youtube - Shares from Vk.com  ,  $1.2  ,50 / 500000, Details 
183,2417,  ğŸ“¡Youtube - Shares from facebook.com  ,  $1.2  ,50 / 100000, Details 
184,2418,  ğŸ“¡Youtube - Shares from twitter.com  ,  $1.2  ,50 / 100000, Details 
185,2419,  ğŸ“¡Youtube - Shares from Ok.ru  ,  $1.2  ,50 / 100000, Details 
186,2420,  ğŸ“¡Youtube - Shares from reddit.com  ,  $1.2  ,50 / 100000, Details 
187,2421,  ğŸ“¡Youtube - Shares from Whatsapp  ,  $1.2  ,50 / 100000, Details 
188,2422,  ğŸ“¡Youtube - Shares from tumbler.com/  ,  $1.2  ,50 / 100000, Details 
189,2423,  ğŸ“¡Youtube - Shares from plus.google.com  ,  $1.2  ,50 / 100000, Details 
190,2413,  ğŸ“¡Youtube - Shares âš¡âš¡  ,  $1.2  ,50 / 100000, Details 
191,2414,  ğŸ“¡Youtube - Shares ğŸ”¥âš¡âš¡  ,  $2.4  ,50 / 100000, Details 
192,2387,  Twitter Poll Votes [slow]  ,  $0.7  ,20 / 500000, Details 
193,2577,  Twitter Real Likes [Less Drop]  ,  $1.5  ,100 / 10000, Details 
194,2384,  Twitter Likes [NR]  ,  $2.1  ,20 / 50000, Details 
195,2386,  Twitter Poll Votes [50K]  ,  $2.2  ,20 / 500000, Details 
196,2548,  Twitter Followers [R30]  ,  $11.1  ,50 / 4000, Details 
197,2284,  ğŸ‘â€ğŸ—¨Tiktok Views - Real Accounts  ,  $0  ,100 / 5000, Details 
198,2510,  ğŸ“ˆ Tik-Tok SEO Views [For Profile Boost]  ,  $0.1  ,100 / 20000, Details 
199,2726,  ğŸ‘â€ğŸ—¨ Tik Tok Likes [Cheapest] [NR]  ,  $0.6  ,20 / 5000, Details 
200,2282,  ğŸ‘â€ğŸ—¨ TikTok Likes - Bots  ,  $0.8  ,100 / 3000, Details 
201,2508,  ğŸ‘â€ğŸ—¨ Tiktok HQ Likes [10k] [NR] [Fast]  ,  $1  ,100 / 10000, Details 
202,2511,  ğŸ“ˆ Tik-Tok SEO Likes [For Profile Boost]  ,  $1.7  ,1000 / 10000, Details 
203,2281,  ğŸ‘â€ğŸ—¨TikTok Likes [30 days refill] [good speed]  ,  $6.2  ,100 / 20000, Details 
204,2739,  ğŸ‘â€ğŸ—¨ Tik Tok Followes [No Refill]  ,  $1.3  ,100 / 2000, Details 
205,2737,  ğŸ‘â€ğŸ—¨ Tik Tok Followers [Best Service]  ,  $2.5  ,100 / 30000, Details 
206,2504,  ğŸ‘â€ğŸ—¨ TikTok HQ Followers [R30][5k]  ,  $3.5  ,100 / 5000, Details 
207,2503,  ğŸ‘â€ğŸ—¨ TikTok Followers [Real Accounts] [R30]  ,  $4.1  ,100 / 10000, Details 
208,2512,  ğŸ“ˆ Tik-Tok SEO Followers [For Profile Boost]  ,  $4.5  ,1000 / 20000, Details 
209,2759,  â™› Telegram - Public Channel Members [ HQ  No Refill ]  ,  $1.3  ,1000 / 20000, Details 
210,2473,  Telegram Channel Members [Slow] [NR]  ,  $1.3  ,1000 / 15000, Details 
211,2765,  ğŸ…—ğŸ…  Telegram HQ Channel Members [Real & Active]  ,  $1.5  ,1000 / 20000, Details 
212,2767,  ğŸ¦‹ Telegram Channel Member [300k]  ,  $1.5  ,1000 / 300000, Details 
213,2525,  Telegram Vote [Like]  ,  $2.1  ,5 / 70000, Details 
214,2308,  ğŸ“Quora Likes on the answer [NO DROP] [ INSTANT]  ,  $27.9  ,10 / 10000, Details 
215,2309,  ğŸ“Quora Shares the answer [NO DROP] [ INSTANT]  ,  $27.9  ,10 / 10000, Details 
216,2310,  ğŸ“Quora Subscribers on the User[NO DROP] [ INSTANT]  ,  $27.9  ,10 / 10000, Details 
217,2530,  Telegram Post View [Lat 1 Post]  ,  $0.1  ,100 / 500000, Details 
218,2527,  Telegram Post View [Last 5 Post]  ,  $0.2  ,100 / 500000, Details 
219,2528,  Telegram Post View [Last 10 Post]  ,  $0.4  ,100 / 500000, Details 
220,2529,  Telegram Post View [Last 20 Post]  ,  $0.8  ,100 / 500000, Details 
221,2531,  Telegram Post View [Last 50 Post]  ,  $2  ,100 / 500000, Details 
222,2532,  Telegram Post View [Last 100 Post]  ,  $3.9  ,500 / 500000, Details 
223,2533,  Telegram Auto Post View [Last 5 Posts] [MONTHLY PACKAGE]  ,  $5.5  ,100 / 500000, Details 
224,2534,  Telegram Auto Post View [Last 10 Posts] [MONTHLY PACKAGE]  ,  $10.9  ,100 / 500000, Details 
225,2235,  SoundCloud Fast Plays [10M] [S3]âš¡ï¸ğŸ’§â­  ,  $0  ,50000 / 100000000, Details 
226,2236,  SoundCloud Plays [1.5M] [S1] âš¡ï¸ğŸ’§â­  ,  $0.1  ,50000 / 100000, Details 
227,2237,  SoundCloud USA Plays [1M] [S4] âš¡ï¸ğŸ’§â­  ,  $0.1  ,10000 / 10000000, Details 
228,2242,  SoundCloud USA Reposts [50K] âš¡ï¸ğŸ’§â­  ,  $1.1  ,100 / 10000, Details 
229,2239,  Soundcloud USA Likes [50K] [R30] âš¡ï¸ğŸ’§â­  ,  $1.1  ,100 / 10000, Details 
230,2240,  SoundCloud USA Followers [50K] [R30] âš¡ï¸ğŸ’§â­  ,  $1.2  ,100 / 50000, Details 
231,2241,  SoundCloud Followers [50K] [R60] [1H - 5K/Day]  ,  $1.8  ,100 / 50000, Details 
232,2243,  SoundCloud Reposts [10K] [1H - 5K/Day]  ,  $3.5  ,20 / 10000, Details 
233,2244,  SoundCloud Track Random Comments [HQ] [10K] âš¡ï¸  ,  $3.9  ,20 / 10000, Details 
234,2245,  SoundCloud Comments [10M] [1H - 10K/Day]  ,  $9.7  ,20 / 1000000, Details 
235,2427,  App Installs [Android App] [WW]  ,  $97.9  ,50 / 100000000, Details 
236,2430,  Keyword Installs [Android App] [WW]  ,  $119  ,1000 / 10000000, Details 
237,2428,  App Installs [Android App] [USA]  ,  $161  ,500 / 1000000, Details 
238,2429,  App Installs [Android App] [Targeted Any Country]  ,  $194.6  ,1000 / 10000000, Details 
239,2431,  Mobile App Only Rating [4/5 Star] [Android App] [WW]  ,  $805.3  ,50 / 2000, Details 
240,2432,  Spotify Free Plays [Slow]  ,  $0.4  ,1000 / 10000000, Details 
241,2433,  Spotify Premium Plays [Slow]  ,  $0.6  ,1000 / 1000000, Details 
242,2434,  [NEW] Spotify Free Plays (Small Amounts) ğŸ”¥ğŸ”¥ğŸ”¥  ,  $1.1  ,100 / 100000, Details 
243,2435,  [NEW] Spotify Premium Plays (Small Amounts) ğŸ”¥ğŸ”¥ğŸ”¥  ,  $1.1  ,100 / 1000, Details 
244,2436,  [NEW] [EXCLUSIVE]Â Spotify User Followers ğŸ”¥ğŸ”¥ğŸ”¥  ,  $1.1  ,20 / 100000, Details 
245,2437,  [NEW] Spotify Playlist Plays (Small Amounts) ğŸ”¥ğŸ”¥ğŸ”¥  ,  $1.1  ,100 / 100000, Details 
246,2438,  [EXCLUSIVE] Spotify PRE-SAVES [10k]ğŸ”¥  ,  $12.7  ,100 / 100000, Details 
247,2223,  Steam Random Key [OFFICIAL] [Key Value 8.95$+]  ,  $5.9  ,1000 / 1000, Details 
248,2224,  Steam Random Key [OFFICIAL] [Key Value 18.95$+]  ,  $8.8  ,1000 / 1000, Details 
249,2448,  Pinterest Followers [BOARD] [30 Days Refill]  ,  $2.4  ,50 / 50000, Details 
250,2246,  Pinterest Followers [30 Days Refill]  ,  $2.4  ,50 / 500000, Details 
251,2449,  Pinterest Pin Likes [500K] [30 Days Refill]  ,  $2.5  ,50 / 50000, Details 
252,2247,  Pinterest RePins [10M] [1H - 10K/Day]  ,  $2.8  ,20 / 10000000, Details 
253,2312,  â˜‘ï¸LinkedIn Profiles Followers Worldwide [ Lifetime-guarantee ]  ,  $8.7  ,100 / 1000000, Details 
254,2313,  â˜‘ï¸LinkedIn Company Page Followers Worldwide [ Lifetime-guarantee ]  ,  $9.5  ,100 / 10000000, Details 
255,2311,  ğŸ”¥ LinkedIn (Company+Profiles) Follower[USA  UK] [ Lifetime-guarantee ]  ,  $10.5  ,100 / 50000, Details 
256,2397,  Website Traffic [Direct Visits] [0-12H ]  ,  $0.2  ,500 / 1000000, Details 
257,2398,  Website Traffic From Facebook [WW] [12H - 50K/Day]  ,  $0.4  ,500 / 1000000, Details 
258,2399,  India Traffic from Google [12H]  ,  $0.5  ,500 / 1000000, Details 
259,2400,  India Traffic from Quora [12H ]  ,  $0.5  ,500 / 1000000, Details 
260,2401,  India Traffic from Facebook [12H ]  ,  $0.5  ,500 / 1000000, Details 
261,2698,  ğŸ‡ºğŸ‡¸ Shazam USA Plays  ,  $1.5  ,1000 / 5000000, Details 
262,2699,  Shazam Plays [NR]  ,  $1.5  ,1000 / 5000000, Details 
263,2701,  Tumblr Likes [R30] [2K] âš¡ï¸ğŸ’§  ,  $3.1  ,100 / 2000, Details 
264,2702,  Tumblr Reblogs [R30] [2K] âš¡ï¸ğŸ’§  ,  $3.1  ,100 / 2000, Details 
265,2700,  Tumblr Followers [R30] [5K] [12H - 1K/Day] â™»  ,  $3.4  ,100 / 5000, Details 
266,2705,  Periscope - Likes [ Max - 500k+ ] INSTANT-24hrs  ,  $0.1  ,500000 / 100000000, Details 
267,2704,  Periscope - Likes [ Max - 500k ] INSTANT-24hrs  ,  $0.5  ,1000 / 500000, Details 
268,2703,  Periscope - Followers [ Max - 1M ] INSTANT-24hrs  ,  $3.2  ,1000 / 1000000, Details 
269,2562,  ğŸ…¥ Vimeo Views [100k]  ,  $0.6  ,20 / 10000000, Details 
270,2563,  ğŸ…¥ Vimeo Likes [50K]  ,  $4.3  ,100 / 50000, Details 
271,2564,  ğŸ…¥ Vimeo Followers [100K]  ,  $4.3  ,100 / 500000, Details 
272,2706,  MixCloud Plays [50K] âš¡ï¸ğŸ’§  ,  $0.8  ,5000 / 500000, Details 
273,2707,  Mixcloud Plays [50K]  ,  $1.1  ,1000 / 500000, Details 
274,2708,  Podcast Downloads [All Episodes] [WW] [10M]  ,  $3.4  ,5000 / 10000000, Details 
275,2709,  Podcast Downloads [Latest 5 Episodes] [WW]  ,  $5.5  ,1000 / 5000000, Details 
276,2710,  Podcast Streams [All Episodes] [WW]  ,  $5.5  ,1000 / 1000000, Details 
277,2711,  Podcast Streams [All Episodes] [USA/UK MIX]  ,  $6.5  ,100 / 1000000, Details 
278,2712,  Podcast Subscribers [WW]  ,  $29.4  ,100 / 1000000, Details 
279,2713,  Podcast Subscribers [USA]  ,  $37.1  ,50 / 500000, Details 
280,2714,  Podcast Rating Only [4/5 Star Rating] [USA/UK MIX]  ,  $221.2  ,100 / 1000000, Details 
281,2542,  Likee App Post Likes [NR]  ,  $3.5  ,20 / 10000, Details 
282,2543,  Likee App Followers [NR]  ,  $6.9  ,20 / 10000, Details 
283,2560,  ğŸ‘¾ Twitch Channel Views[30 Days Refill]  ,  $0.7  ,2000 / 200000, Details 
284,2559,  ğŸ‘¾ Twitch Followers [R30]  ,  $0.7  ,100 / 300000, Details 
285,2561,  ğŸ‘¾ Twitch Live Views ğŸ“º  ,  $210  ,10 / 250, Details 
286,2578,  Website Traffic [Direct Visits] [0-12H ]  ,  $0.1  ,500 / 1000000, Details 
287,2581,  Website Traffic from Yandex.ru [250K] [WW] [12H - 50K/Day]  ,  $0.4  ,500 / 1000000, Details 
288,2637,  Website Traffic from Wikipedia [250K] [WW] [12H - 50K/Day]  ,  $0.4  ,500 / 1000000, Details 
289,2638,  Website Traffic From Facebook [WW] [12H - 50K/Day]  ,  $0.4  ,500 / 1000000, Details 
290,2639,  Website Traffic from LinkedIn [250K] [WW] [12H - 50K/Day]  ,  $0.4  ,500 / 1000000, Details 
291,2640,  Website Traffic From Twitter [1M] [WW] [12H - 50K/Day]  ,  $0.4  ,500 / 1000000, Details 
292,2641,  Website Traffic from StumbleUpon [250K] [WW] [12H - 50K/Day]  ,  $0.4  ,500 / 1000000, Details 
293,2642,  Website Traffic From Instagram [250K] [WW] [12H - 50K/Day]  ,  $0.4  ,500 / 1000000, Details 
294,2643,  Website Traffic from Amazon [1M] [WW] [12H - 50K/Day]  ,  $0.4  ,500 / 1000000, Details 
295,2644,  Website Traffic From Youtube [10] [WW] [12H - 50K/Day]  ,  $0.4  ,500 / 1000000, Details 
296,2645,  Website Traffic From Google [1M] [WW] [12H - 50K/Day]  ,  $0.4  ,500 / 1000000, Details 
297,2646,  Website Traffic from Twitch.TV [250K] [WW] [12H - 50K/Day]  ,  $0.4  ,500 / 1000000, Details 
298,2647,  Website Traffic From Reddit [250K] [WW] [12H - 50K/Day]  ,  $0.4  ,500 / 1000000, Details 
299,2648,  Website Traffic from Bing [250K] [WW] [12H - 50K/Day]  ,  $0.4  ,500 / 1000000, Details 
300,2649,  Website Traffic From Tumblr [250K] [WW] [12H - 50K/Day]  ,  $0.4  ,500 / 1000000, Details 
301,2650,  Website Traffic from Ebay [250K] [WW] [12H - 50K/Day]  ,  $0.4  ,500 / 1000000, Details 
302,2651,  Website Traffic from OK.ru [250K] [WW] [12H - 50K/Day]  ,  $0.4  ,500 / 1000000, Details 
303,2652,  Website Traffic From Quora [250K] [WW] [12H - 50K/Day]  ,  $0.4  ,500 / 1000000, Details 
304,2653,  Website Traffic From Pinterest [250K] [WW] [12H - 50K/Day]  ,  $0.4  ,500 / 1000000, Details 
305,2654,  Website Traffic from IMGur [250K] [WW] [12H - 50K/Day]  ,  $0.4  ,500 / 1000000, Details 
306,2655,  Website Traffic From Sina Weibo [250K] [WW] [12H - 50K/Day]  ,  $0.4  ,500 / 1000000, Details 
307,2656,  Website Traffic from BuySellAds.com [250K] [WW] [12H - 50K/Day]  ,  $0.4  ,500 / 1000000, Details 
308,2657,  Website Traffic From Blogger.com [250K] [WW] [12H - 50K/Day]  ,  $0.4  ,500 / 1000000, Details 
309,2658,  Website Traffic from Craigslist [250K] [WW] [12H - 50K/Day]  ,  $0.4  ,500 / 1000000, Details 
310,2674,  Website Traffic from Fiverr.com [1M] [WW] [12H - 50K/Day]  ,  $0.4  ,500 / 1000000, Details 
311,2675,  Website Traffic from Yelp [1M] [WW] [12H - 50K/Day]  ,  $0.4  ,500 / 1000000, Details 
312,2636,  Website Traffic [10M] âš¡ï¸ğŸ’§â­  ,  $0.7  ,100 / 1000000, Details 
313,2659,  Website Traffic From VK.com [10M] [WW] âš¡ï¸ğŸ’§  ,  $0.8  ,100 / 1000000, Details 
314,2660,  Website Traffic From Linkedin [10M] [WW] âš¡ï¸ğŸ’§  ,  $0.8  ,100 / 1000000, Details 
315,2661,  Website Traffic From Yahoo [10M] [WW] âš¡ï¸ğŸ’§  ,  $0.8  ,100 / 1000000, Details 
316,2662,  Website Traffic From Amazon [10M] [WW] âš¡ï¸ğŸ’§  ,  $0.8  ,100 / 1000000, Details 
317,2663,  Website Traffic From Wikipedia [10M] [WW] âš¡ï¸ğŸ’§  ,  $0.8  ,100 / 1000000, Details 
318,2664,  Website Traffic From Live.com [10M] [WW] âš¡ï¸ğŸ’§  ,  $0.8  ,100 / 1000000, Details 
319,2665,  Website Traffic From Yandex.ru [10M] [WW] âš¡ï¸ğŸ’§  ,  $0.8  ,100 / 1000000, Details 
320,2666,  Website Traffic From Netflix [10M] [WW] âš¡ï¸ğŸ’§  ,  $0.8  ,100 / 1000000, Details 
321,2667,  Website Traffic From Twitch.TV [10M] [WW] âš¡ï¸ğŸ’§  ,  $0.8  ,100 / 1000000, Details 
322,2668,  Website Traffic From Bing [10M] [WW] âš¡ï¸ğŸ’§  ,  $0.8  ,100 / 1000000, Details 
323,2669,  Website Traffic From Ebay [10M] [WW] âš¡ï¸ğŸ’§  ,  $0.8  ,100 / 1000000, Details 
324,2670,  Website Traffic From OK.ru [10M] [WW] âš¡ï¸ğŸ’§  ,  $0.8  ,100 / 1000000, Details 
325,2671,  Website Traffic From MSN [10M] [WW] âš¡ï¸ğŸ’§  ,  $0.8  ,100 / 1000000, Details 
326,2672,  Website Traffic From IMGur [10M] [WW] âš¡ï¸ğŸ’§  ,  $0.8  ,100 / 1000000, Details 
327,2673,  Website Traffic From BuySellAds.com [10M] [WW] âš¡ï¸ğŸ’§  ,  $0.8  ,100 / 1000000, Details 
328,2579,  Website Traffic [50K] [RUSSIA from Google] [12H - 10K/Day]  ,  $0.6  ,500 / 1000000, Details 
329,2580,  Website Traffic [20K] [UKRAINE from Google] [12H - 10K/Day]  ,  $0.6  ,500 / 1000000, Details 
330,2582,  Website Traffic [50K] [MEXICO from Google] [12H - 10K/Day]  ,  $0.6  ,500 / 1000000, Details 
331,2583,  Website Traffic [20K] [VIETNAM from Google] [12H - 10K/Day]  ,  $0.6  ,500 / 1000000, Details 
332,2584,  Website Traffic [50K] [ITALY from Google] [12H - 10K/Day]  ,  $0.6  ,500 / 1000000, Details 
333,2585,  Website Traffic [50K] [NETHERLANDS from Google] [12H - 10K/Day]  ,  $0.6  ,500 / 1000000, Details 
334,2586,  Website Traffic [50K] [POLAND from Google] [12H - 10K/Day]  ,  $0.6  ,500 / 1000000, Details 
335,2587,  Website Traffic [50K] [SPAIN from Google] [12H - 10K/Day]  ,  $0.6  ,500 / 1000000, Details 
336,2588,  Website Traffic [50K] [TURKEY from Google] [12H - 10K/Day]  ,  $0.6  ,500 / 1000000, Details 
337,2589,  Website Traffic [50K] [CHINA from Google] [12H - 10K/Day]  ,  $0.6  ,500 / 1000000, Details 
338,2591,  Website Traffic [50K] [SINGAPORE from Google] [12H - 10K/Day]  ,  $0.6  ,500 / 1000000, Details 
339,2593,  Website Traffic [50K] [TAIWAN from Google] [12H - 10K/Day]  ,  $0.6  ,500 / 1000000, Details 
340,2594,  Website Traffic [50K] [THAILAND from Google] [12H - 10K/Day]  ,  $0.6  ,500 / 1000000, Details 
341,2595,  Website Traffic [50K] [JAPAN from Google] [12H - 10K/Day]  ,  $0.6  ,500 / 1000000, Details 
342,2596,  Website Traffic [50K] [PAKISTAN from Google] [12H - 10K/Day]  ,  $0.6  ,500 / 1000000, Details 
343,2597,  Website Traffic [50K] [EGYPT from Google] [12H - 10K/Day]  ,  $0.6  ,500 / 1000000, Details 
344,2676,  Website Traffic [100K] [USA from Google] [1H - 2K/Day]  ,  $0.6  ,500 / 1000000, Details 
345,2677,  Website Traffic [50K] [GERMANY from Google] [12H - 10K/Day]  ,  $0.6  ,500 / 1000000, Details 
346,2679,  Website Traffic [20K] [FRANCE from Google] [12H - 10K/Day]  ,  $0.6  ,500 / 1000000, Details 
347,2680,  Website Traffic [100K] [India From Google] [1H - 2K/Day]  ,  $0.6  ,500 / 1000000, Details 
348,2681,  Website Traffic [50K] [CANADA from Google] [12H - 10K/Day]  ,  $0.6  ,500 / 1000000, Details 
349,2682,  Website Traffic [50K] [BRAZIL from Google] [1H - 2K/Day]  ,  $0.6  ,500 / 1000000, Details 
350,2683,  Website Traffic [50K] [INDONESIA from Google] [12H - 10K/Day]  ,  $0.6  ,500 / 1000000, Details 
351,2678,  Website Traffic [50K] [UK from Google] [1H - 2K/Day]  ,  $0.6  ,500 / 1000000, Details 
352,2598,  UK Traffic from Google.co.uk [12H - 10K/Day]  ,  $0.6  ,500 / 1000000, Details 
353,2599,  UK Traffic from Quora [12H - 2K/Day]  ,  $0.6  ,500 / 1000000, Details 
354,2600,  UK Traffic from Tumblr [12H - 2K/Day]  ,  $0.6  ,500 / 1000000, Details 
355,2601,  UK Traffic from Pinterest [12H - 10K/Day]  ,  $0.6  ,500 / 1000000, Details 
356,2602,  UK Traffic from Twitter [12H - 10K/Day]  ,  $0.6  ,500 / 1000000, Details 
357,2603,  UK Traffic from Reddit [12H - 2K/Day]  ,  $0.6  ,500 / 1000000, Details 
358,2604,  UK Traffic from YouTube [12H - 10K/Day]  ,  $0.6  ,500 / 1000000, Details 
359,2605,  UK Traffic from Facebook [12H - 10K/Day]  ,  $0.6  ,500 / 1000000, Details 
360,2606,  UK Traffic from Instagram [12H - 10K/Day]  ,  $0.6  ,500 / 1000000, Details 
361,2607,  UK Traffic from Blogspot/Blogger.com [12H - 10K/Day]  ,  $0.6  ,500 / 1000000, Details 
362,2608,  UK Traffic from VK.com [12H - 10K/Day]  ,  $0.6  ,500 / 1000000, Details 
363,2609,  UK Traffic from Amazon.co.uk [12H - 10K/Day]  ,  $0.6  ,500 / 1000000, Details 
364,2610,  UK Traffic from Ebay.co.uk [12H - 10K/Day]  ,  $0.6  ,500 / 1000000, Details 
365,2611,  UK Traffic from BBC.co.uk [12H - 10K/Day]  ,  $0.6  ,500 / 1000000, Details 
366,2612,  UK Traffic from Theguardian.com [12H - 10K/Day]  ,  $0.6  ,500 / 1000000, Details 
367,2613,  UK Traffic from Dailymail.co.uk [12H - 10K/Day]  ,  $0.6  ,500 / 1000000, Details 
368,2614,  UK Traffic from Gumtree.co.uk [12H - 10K/Day]  ,  $0.6  ,500 / 1000000, Details 
369,2615,  UK Traffic from Fiverr.com [12H - 10K/Day]  ,  $0.6  ,500 / 1000000, Details 
370,2616,  UK Traffic from Wikipedia [12H - 10K/Day]  ,  $0.6  ,500 / 1000000, Details 
371,2617,  USA Traffic from fandom.com [12H - 10K/Day]  ,  $0.6  ,500 / 1000000, Details 
372,2618,  USA Traffic from NYTimes.com [12H - 10K/Day]  ,  $0.6  ,500 / 1000000, Details 
373,2619,  India Traffic from Google [12H]  ,  $0.6  ,500 / 1000000, Details 
374,2620,  India Traffic from Quora [12H ]  ,  $0.6  ,500 / 1000000, Details 
375,2621,  India Traffic from Tumblr [12H - 10K/Day]  ,  $0.6  ,500 / 1000000, Details 
376,2622,  India Traffic from Pinterest [12H - 10K/Day]  ,  $0.6  ,500 / 1000000, Details 
377,2623,  India Traffic from Twitter [12H - 10K/Day]  ,  $0.6  ,500 / 1000000, Details 
378,2624,  India Traffic from Reddit [12H - 2K/Day]  ,  $0.6  ,500 / 1000000, Details 
379,2625,  India Traffic from YouTube [12H - 10K/Day]  ,  $0.6  ,500 / 1000000, Details 
380,2626,  India Traffic from Facebook [12H ]  ,  $0.6  ,500 / 1000000, Details 
381,2627,  India Traffic from Instagram [12H - 10K/Day]  ,  $0.6  ,500 / 1000000, Details 
382,2628,  India Traffic from Blogger.com [12H - 10K/Day]  ,  $0.6  ,500 / 1000000, Details 
383,2590,  India Traffic from Amazon.in  ,  $0.7  ,500 / 1000000, Details 
384,2592,  India Traffic from Flipkart.com  ,  $0.7  ,500 / 1000000, Details 
385,2629,  ğŸ” India Traffic from Google.co.in [Organic] [Custom Keywords]  ,  $0.7  ,1000 / 1000000, Details 
386,2630,  India Traffic from Fiverr  ,  $0.7  ,500 / 1000000, Details 
387,2631,  India Traffic from Wikipedia  ,  $0.7  ,500 / 1000000, Details 
388,2632,  India Traffic from Hotstar.com  ,  $0.7  ,500 / 1000000, Details 
389,2633,  India Traffic from Indiatimes.com  ,  $0.7  ,500 / 1000000, Details 
390,2634,  India Traffic from NDTV.com  ,  $0.7  ,500 / 1000000, Details 
391,2635,  Germany Traffic from Ebay-kleinanzeigen.de  ,  $0.6  ,500 / 1000000, Details 
