,ID,Name,Description,PricePer1000,Min,Max
0,289,289 - Youtube Likes [HQ] [1M - 0-24H - CHEAP LIKES] | S7,â­Quality: HQ â­Start: 0-24H â­Up to 100K (Day Speed 10K) â­Suggest: Min-10k per time â­No Refill / Have Drop issue â­Min Order: 500 â­Max Order: 1000000, $2.47 ,500,1000000
1,294,294 - Youtube Subscribers E2 [USA] [30/D - 0-1H - R30] |S7,â­Quality: HQ WORLDWIDE â­New Service!! â­Start: 0-1H - Instant â­Do not add order before order complete â­Speed Up to 20-50+ Day Speed â­Suggest: Min-500 per time â­Refill 30 Days â­Min Order: 5 â­Max Order: 1500 â­Drop ratio: Auto Server Unknown from 18th July 2019 â­Enter YouTube Channel Link Only, $20.00 ,5,1500
2,314,314 - Youtube Subscribers (READ DESCRIPTION) [Unlimited - 5K-10K/D - NO REFILL] [ğŸ’FAST ADD] | S7,â­Drop Ratio: Test Server Can Be Drop Over 80%-100%. Maybe Low to High  New Server Test Your Own Risk. Don't ask for cancel or refund. ğŸ”¥This new server FAST SPEED 10K+ Day speed. 30K Max Base Per Channel  No Refill â­Speed 5k -10K/D â­NO REFILL - No Refund â­NOTE : All Orders Will Be Completed And Subs Can Drop Fast  So  Please Test Before Use More . Order At Your Risk. We Will Not Resolve Any Complaint. â­No Refill â­Min Order: 1000 â­Max Order: 10000000 â­Enter Channel Link Only, $9.20 ,1000,10000000
3,331,331 -Youtube Shares [HQ] [500K - 5K/D] [Râˆ] | S7,â­Quality: HQ / WORLDWIDE â­Start: 0-1H (Let it runs) â­Up to 500K â­Suggest: Min-5k per time â­Refill: Life-Time Guarantee â­Min Order: 1000 â­Max Order: 500000 â­Enter Full Video Link ie: https://www.youtube.com/watch?v=xxxxxxxxxx, $1.72 ,1000,500000
4,304,304 - Facebook Video Views [100% REAL] [100K] [100K/D] [0-1H - INSTANT] } S7,â­Quality: 100% REAL â­WORLDWIDE â­Start: 0-1H - INSTANT â­Up to 100K â­Suggest: Min-100K per time â­Refill: Non Drop / Life Guaranteed â­Min: 100 â­Max: 100000 â­Enter Only PC Video link: https://www.facebook.com/username/videos/291196394876888, $0.14 ,500,100000
5,316,316 - Facebook Post Likes [500] [INSTANT] | S7,â­LQ â­Instant â­Min = 100 â­Max = 500 â­Instant to 1 Hour finsih â­Enter Photo / Post Link ie: https://www.facebook.com/username/xxxxx/291196394876995, $0.70 ,50,500
6,317,317 - Facebook Real Photo / Post Likes [5K - 1K/D - NO REFILL] | S7,â­Quality: WORLDWIDE â­New Service!! Cheapest on planet!! â­Photo / Post Likes â­Start: 12-24H â­Up to 5K (1K Day Speed) â­Suggest: Min-1k per time â­No Refill â­Min: 100 â­Max: 5000 â­Enter Photo / Post Link ie: https://www.facebook.com/username/xxxxx/291196394876995, $1.72 ,100,5000
7,280,280 - Google Music Plays [500K - 3K/D - 12H - NON-DROP] [Râˆ] | S7,â­High-Quality â­Max Up to 500K â­1-12 hour start time â­2000-3000/day speed â­Lifetime non-drop guarantee â­Min: 100 â­Max: 500000 â­Post your music full link , $3.00 ,100,500000
8,299,299 - Instagram Views + Impressions [TRENDING HITS] [INSTANT - 5M/D] | S7,â­Start Time: Instant â­Speed: 80k/ day â­New Service!! â­Max Up to 5M â­Suggest: Min-80K per time â­Refill: No refill â­Min Order: 500 â­Max Order: 5000000, $0.04 ,500,5000000
9,322,322 - Instagram Story [UserName Only] Views [15K] [0-1H] [LAST STORY ONLY] [ULTRAFAST] | S7,Link: Username Only â­Quality: LAST STORY VIEWS / HQ â­WORLDWIDE â­Start: 0-1H (INSTANT) â­Up to 15k â­Suggest: Min-15k per time â­No Refill â­Min Order: 100 â­Max Order: 15000 , $0.14 ,100,30000
10,342,342 - Instagram Views + Impressions [1M - INSTANT] [BEST TRENDING HIT] | S7,â­Quality: Best Trending Instagram Views + Impressions (To Ads Views) â­Start: 0-1H - INSTANT FAST â­Up to 1M â­Non-Drop â­Suggest: Min-500K-1M per time â­Min Order: 100 â­Max Order: 1000000 â­Enter Video Link ie: https://www.instagram.com/p/xxxxxxxxxxxxx/, $0.02 ,2000,1000000
11,233,Instagram Custom Comments,"Put Each Comment On A Line Comments Including Mentions (""@"") Are Not Accepted No Refill / No Refund 0-1 Hour Start! Fast Delivery ", $1.50 ,5,500000
12,333,333 - Dailymotion Views [100M] [50K/D] [0-1H] | S7,â­Quality: HQ â­Start: 0-1H â­Up to 100M (50K Day Speed) â­Suggest Min-50K per time â­No Refill â­Min: 1000 â­Max: 100000000 â­Drop Post link, $1.13 ,1000,100000000
13,268,268 - Youtube Views - [ Râˆ - NON DROP ] [ 50K - 200K+/D - ] | S7,â­INSTANT â­Random High Retention â­Non-Drop - Lifetime refill Guaranteed â­Speed: 50K - 200K+/D â­Cheapest Promotion Server â­Suggest: Min-50K per time â­Min Order: 500 â­Max Order: 5000000 â­Enter YouTube Video Link, $1.12 ,1000,5000000
14,269,269 - Youtube Views - [ Râˆ - NON DROP ] [ Speed 100K - 300k+/D ] | S7,â­Non-Drop - Lifetime refill Guaranteed â­Speed: 100K - 300k+/D â­Cheapest Promotion Server â­Suggest: Min-100K per time â­No Refill â­Min Order: 100 â­Max Order: 10000000 â­Enter YouTube Video Link, $1.26 ,500,10000000
15,270,270 - Youtube Views - [ Râˆ - NON DROP ] [ Speed 30K - 100K+/D ] | S7,â­INSTANT (10-30 Mins) â­Non-Drop - Lifetime refill Guaranteed â­Speed: 30K - 100K+/D â­Cheapest Promotion Server â­Suggest: Min-50K per time â­Min Order: 100 â­Max Order: 5000000 â­Enter YouTube Video Link, $1.55 ,500,5000000
16,320,320 - YouTube #6 WW Views - Max 500K-1M/D - Lifetime guarantee | S7,ğŸ‰#6 Fast Server YouTube Video WW Views ğŸ‰Minimum: 1000 views ğŸ‰Maximum: 1B Views ğŸ‰Fast Speed: Up To 500K ~ 1M ğŸ‰***INSTANT START*** ğŸ‰REFILL - LIFETIME ğŸ‰ Speed Dependent Order Quantity*** , $1.00 ,1000,20000000
17,330,330 - Youtube Real Views + Bonus Watch Time [1B - HR - 8M+/D - 100% NON-DROP - Râˆ] [ANY LENGTH / BEST FAST SERVICE] | S7,â­Super Fast Speed Server New Updated â­+Bonus Random HR Watch Time â­Quality: High Retention 90-99% / 100% NON-DROP â­Random Traffic sources: Ads Views / Desktop / Mobile IOS / Suggested / Hours Views and others â­Real Views â­Fast Up To 8M to 10M+ Per Day Depends On Video Length â­Non-Drop Will Not Over Views Flow â­Suit Any Video Length  Best Manager for your video to correct views â­S2 = Super Good â­Start: Instant â­Suggest: Min-1M per time â­Refill: Lifetime â­Bonus Watch Time - Only Random Hours +Plus One Time. (Only Watch Time No Refill) â­If you need more speed up ticket us and we can send 500K-1M in few hours. 10M Within 24H. â­If you not sure which views your video length should use  place on this service we can manage the price range best result for you!! â­Enter Full Video Link ie: https://www.youtube.com/watch?v=xxxxxxxxxx, $2.41 ,1000,1000000000
18,344,344 - Youtube 100% NON-DROP Unique Real Views S1 [A+ REGIONS + HOURS WATCH TIME - BONUS +PLUS DV] [5M - 30K/D] [0-12H - Râˆ] [\BEST FOR MUSIC] | S7,â­BOUNS+ Likes + Subscribers + Shares~ â­Best Service!! 100% Non-Drop So Far~ Good Speed Server â­Quality: 100% Real Views with A+ Region (Countries) â­S1 = Super Good / Good for manage your views to targeted â­Traffic: Worldwide + Targeted On Your Video â­Views usually will give more than your order â­Best for Ranking & For Keywords / Make Money â­2-5 mins High Retention 99% Can Up to 3+ Hours Watch Times Booster For Bonus â­Random Source: Desktop / Mobile IOS / Suggestion / Ads Views â­Get Unique Real Viewers From Soical Media â­Start: 0-3H (Depend on video length can be fast or slow) â­Up to 5M â­Suggest: Min-100K per time (Let it runs) â­Refill: Lifetime â­You Will Also Get Real Countries Viewers Views By Drive To Youtube / Google / Bings And Other Social Media Source Traffic â­Enter Full Video Link ie: https://www.youtube.com/watch?v=xxxxxxxx, $3.30 ,3000,5000000
19,351,351 - Youtube 100% Real Non-Drop HR Fast Views [100M MAX - REFILL LIFETIME][HR] | S7,â­Fast Non-Drop Server (Speed depends on server update) â­Organic 100% REAL NON-DROP Views - LIFETIME â­100% Safe White Worldwide Traffic â­Suit Most Video Length â­Mins High Retention 80%-95% (Random) â­World-Wide Views Added in a NON-STOP Instant Pattern â­Speed Dependent Volume of Orders â­Day Speed Up To 3M+ â­START Usually Instant â­Estimate Speed: Depends on Video length â­Real YouTube Worldwide Views - New Server â­Auto Refill: Life Time Guaranteed â­Some Hours Videos OK (But If Too Long Videos May Less Reach Views) â­This Views May Completed Faster Than The Views Show  Please Wait Youtube Next Hours To Updated Will Show All Views~ â­Best Views For Drip Feed Use! â­Must be Unrestricted & Open for ALL countries â­Refill Guaranteed Back To Order Amount!! â­Drop Ratio: Lowest â­Min: 500 â­Min: 100000000 â­All Youtube views not accept refund or cancel once it starts delivery in progressing. â­If The Video Fails or Country Restricted Video Is Not Allowed  Will Auto Cancel., $2.33 ,500,100000000
20,337,337 - Instagram Followers [Very Less Drop - Max 65K - R60] | S7,â­This Server Less Drop Followers â­Start: 0-12H â­Refill: 60 Days (Very Less Drop) â­Max Up To 65K - 1K-3K Per Day If Not Overloaded â­Min Order: 50 â­Max Order: 65000 â­Enter Profile Link, $3.79 ,500,65000
21,339,339 - Instagram Followers [Max 30K - 7K/D - Fast Start - Very Less Drop] | S7,â­This Server Faster Start & Completed. Very Less Drop Server!! â­Start: Instant or Up To 6H â­Fast Completed Day Speed In 12H-24H â­No Refill But Very Less Drop â­Max Up To 30K - 7K Per Day Speed â­Min Order: 400 â­Max Order: 4000 â­Enter Profile Link, $2.76 ,500,30000
22,286,286 - Tik Tok Views [HQ] [500K] [0-24H - TRENDY SPEED] | S7,â­Quality: HQ+REAL / WORLDWIDE â­Cheapest Service!! â­Start: 0-1H INSTANT (Can take up to 24H to completed) â­Up to 500K â­Suggest Min-500K Per Time, $0.02 ,1500,500000
23,287,287 - Tik Tok Views [HQ] [500K] [0-3H - FASTEST SPEED] | S7,â­Quality: REAL / WORLDWIDE â­Best Quality!! â­Start: 0-3H - FAST â­Up to 500K â­Suggest: Min-50K per time â­Refill: NON-DROP â­Lifetime Guarantee â­Min Order: 2000 â­Max Order: 50000, $0.03 ,2000,50000
24,359,359 - Tik Tok Likes [Max 1M - Faster - Lifetime Refill] | S7,â­21st Oct 2019  New Updated~ â­High-Quality Real Quality â­Max Up to 1M - Faster Day Speed â­Suggest Min-3K Per Time â­Refill: Lifetime â­Min Order: 50 â­Max Order: 1000000 â­Enter Tik Tok Video Link, $16.00 ,50,1000000
25,336,336 - Instagram IGTV Views [BEST QUALITY - 10M/D] [0-1H] | S7,â­Quality: REAL VIEWS / WORLDWIDE â­Best Fastest Per Day New Server!! â­IGTV Views + Impressions (Full TV Video Link) â­Start: SUPER INSTANT â­Max Up to 10M Per Day â­Suggest: Min-5M per time â­No Refill â­Min Order: 200 â­Max Order: 1000000000 â­Enter IGTV Link ie: https://www.instagram.com/tv/BsAOFwKhkxr/, $0.23 ,500,100000000
26,230,IGTV Random Comments,IGTV Random Comments ! Full TV Video Link Needed ! INSTANT Start ! , $1.50 ,10,1000000
27,231,IGTV Random Emoji Comments,IGTV Random Emoji Comments ! Full TV Video Link Needed ! INSTANT Start ! , $0.66 ,100,1000000
28,13,Fresh AdSense USA Country - In Link Enter Your Name,Please Create support with Order number to get password within 2 days otherwise order will be refunded Freshly Approved AdSense with No Admob and with original Congratulations Welcome Email In Link enter Your name Country: US , $45000.00 ,1,50
29,15,Fresh AdSense UK- In Link enter your name,Please Create support with Order number to get password within 2 days otherwise order will be refunded Freshly Approved AdSense with No Admob and with original Congratulations Welcome Email In Link enter Your name Country: UK , $45000.00 ,1,50
30,201,Buy UpWork Freelancer Approved Accounts 10$/Account,enter 1000 above for ordering 1 account. (Create a Support Ticket After Order with your Order Number and we will reply with account Details in 24 hours) =Buy Ready Made Approved Up Work =FreeLancer Profiles =You can change everything =You will get the gmail with the account =Account is to work as a freelancer =Account is fully approved and active, $10.00 ,1000,1000
31,202,Netflix Private ULTRA HD Monthly Accounts,Enter 1000 to get 1 account Create a Ticket with order number to get Password. Company: Netflix Plan: Ulta HD 4k 4 screens Time: Valid 30 days , $4.00 ,1000,1000
32,212,AdSense Accounts (With Domain) [1000 quanitity means 1 account], [1000 quantity means 1 account..so if you want 3 accounts enter 3000] Enter country of account you want in Username area. In link area enter your name. Create a support ticket after ordering so you can get passwords. In ticket mention your Order ID MUST., $55.00 ,1000,10000
33,266,266 - ebay 5 Star Positive Feedback + Custom Comments [3$/REVIEW] [Max 100K - 1K/D - ] | S7,"â­For USA eBay Link mainly  Other Countries eBay Site may Not 100% work On  You must enable setting  And Set The Payment Method To ""Pick Up"" Optional~ Otherwise cannot pay within the cost. Will ask for item payment. â­Quality: 100% Real Human (Have stars rating on  Real writer  not bots) â­Best Good Seller Service!! 100% Safe!! â­Start: 0-12H â­Up to 100K (Day Speed 500-1K  Need rest time to avoid) â­Refill: NON-DROP â­Min Order: 1 â­Max Order: 100000 â­Process time can up to 12-24H â­Increase eBay 5 stars positive feedback! Good Review For BBE! â­Can increase selling quantity and selling amount easy â­Custom Comment Enter on each line  word cannot be too long  ie: A+++ Good seller / Best seller good product etc.. â­Link: Send eBay item url only â­Enter post link & the short comment you need on the items  and each month count the % of the overall  to get more quantity of item to sell and get higher amount to sell per month. â­Is very good for start and growing. Good to get this before request increase selling limit on eBay!!", $3000.00 ,2,100000
34,267,267 - Buy Daraz.pk Reviews (1$/review) | S0,Enter link of your product.. Enter Reviews each on a separate line., $1000.00 ,1,1000
35,279,279 - Google Reviews 5 Stars (0.7 $/review) [10-50/D - 12H - NON-DROP] [Râˆ] | S7,â­High-Quality / Google 5 stars Reviews â­Max Up to 200 â­0-12 hour start time â­10-50/day speed â­Lifetime non-drop guarantee â­Min: 1 â­Max: 200, $700.00 ,1,200
36,281,281 - Telegram Channel Members [Max 100K - NATURAL - 0-24H - R30] [CHEAPEST ON PLANET] | S7,â­Telegram Channel only â­0-24 Hours Delivery â­Up to 50K (Day Speed 100-500) â­Suggest: Min-1K per time â­Refill: 30 Days â­Min: 20 â­Max: 100000 â­Enter channel link ie: https://t.me/channelname, $1.49 ,20,1000000
37,282,282 - Telegram Channel Members [50K - 5K/D - 0-1H] [CHEAPEST ON PLANET] | S7,â­Telegram Channel only â­0-48 Hours Delivery â­Start: 0-12H â­Up to 50K (Day Speed 5K) â­Suggest: Min-5K per time â­No Refill â­Min: 100 â­Max: 50000, $2.01 ,100,50000
38,283,283 - Telegram Channel REAL Members [30K] [0-1H] | S7,â­Quality: 100% REAL â­Best Quality!! â­Telegram Channel only â­24-48 Hours Delivery â­Start: 0-1H â­Up to 30K â­No Refill , $4.60 ,100,30000
39,284,284 - Telegram Group Members [Max 100K - BONUS - 0-24H - R30] [CHEAPEST ON PLANET] | S7,â­Telegram Channel Members â­Quality: HQ â­Start: 0-24H â­Speed: 100-500/D - Slow Method â­Bonus +40% â­Refill: 30 Days â­Min: 20 â­Max: 100000 â­Enter Channel Link Only, $1.73 ,20,100000
40,285,285 - Telegram REAL Post Views [35K] [Last 1] [0-1H] [ğŸ“CHEAPEST ON PLANET] | S7,â­Quality: 100% REAL â­Views Will Be Added To Your Last 1 Posts â­0-1 Start and Hours Delivery â­Start: 0-12H â­Up to 35K (10K-20K Day Speed) â­Suggest Min-35K per time â­No Refill â­Min: 100 â­Max: 35000 , $1.15 ,100,35000
41,275,275 - Instagram Likes - [ 30K - VIP Server ] ~ Always Instant ~ NO DELAY | S7,â­Instant start ( Some times will be a delay if server overload ) â­No refill â­High quality â­Min Order: 20 â­Max Order: 30000 â­Enter Post Link, $3.10 ,100,30000
42,350,350 - Instagram Likes FAST [10K] [10k/day - 5-30 min start] | S1,Quality: MQ  medium quality accounts 80% with profile pictures Extra Likes: 0% - 5%. Refill: Specs: Real Accounts, $2.40 ,100,10000
43,352,352 - Instagram Likes 2k/day | S7 ,"â­""Slow / Natural Likes"" Please don't ask to speed up for this server â­New Server~ â­Resellers Bulk Order Server!! Working Always!! Stable Server!! â­Highest Amount IG HQ Icon Likes â­Start: Natural â­1-2k/day ( New Cheap Natural Server  May Slow Down ) â­Good To Use For A More Natural Pattern  Not Too Fast â­Max Up to 500K (Can Boost Post Higher Next Days) â­Day Speed Up To 10K to 20K or Less If Overloaded â­Lifetime Refill â­Min Order: 50 â­Max Order: 500000", $2.07 ,100,5000
44,353,353 - Instagram Likes A2 [300/day - Slowest] | S7,"â­""Slow"" Please don't ask to speed up for this server ğŸ“Provider Price~ Best Cheapest Likes~ IG Likes Mix Quality!! No Cancel~ No Refund If Drop Or Inactive! â­New Server~ Cheapest Likes  No After Service From This Server Provider â­Resellers Bulk Order Server!! â­Mix Quality â­Start: Unknown  Some Times Fast  Some Time Slow â­Slow Pattern â­Day Speed: 300 â­Max Up to 100K â­No Refill / No Cancel By Any Reason â­Some Drop Issue By Completed â­Min Order: 500 â­Max Order: 1500", $0.86 ,500,1500
45,354,354 - Instagram Likes [200/day] | S7,"â­""Slow"" Please don't ask to speed up for this server ğŸ“Provider Price~ Best Cheapest Likes~ HQ Icon Likes With Profile and No Posts Photo!! Start Fast~ â­New Server~ â­Resellers Bulk Order Server!! Working Always!! Stable Server!! â­Highest Amount IG HQ Icon Likes â­Start: Instant or 0-10 Mins aboves â­Slow Natural Pattern  Hour Speed 5-20 â­Max Up to 100K â­Day Speed Up To Unknown â­Lifetime Refill â­Min Order: 100 â­Max Order: 1000000", $1.20 ,100,1000
46,355,355 - Instagram Likes C1 [5k/day] | S7,ğŸ“#1 Cheapest Likes Server~ Stable Price~ 100% Real Active User + High-End Likes!! 99% With High Profile Photo Accounts And Power Followers~ â­New Server~ â­Resellers Bulk Order Server!! â­Start 0-1 â­Instant Pattern - IG 100% REAL Likes â­5K Per Day Speed â­Lifetime Refill â­Min Order: 1000 â­Max Order: 5000 â­Enter Post / Video Link,  $2.87 ,100,5000
47,356,356 - Instagram Likes [5K] [1k/day] | S7,â­Lifetime Refill â­Enter Photo or Video Link, $1.84 ,20,5000
48,357,357 - Instagram Likes [1.5k/day] | S7,â­Enter Photo or Video Link , $1.32 ,100,7500
49,358,358 - Instagram Likes [HQ + MQ + REAL - Max 50K - 5K/D - Instant to 4H] | S7,â­HQ + MQ + REAL â­Start: Instant to 4 Hours â­Day Speed 2K to 5K Per Day â­Lifetime Refill â­Max Up To 50K â­Min Order: 20 â­Max Order: 50000 â­Enter Photo Or Video Link, $2.00 ,50,10000
