,ID,Service,Rateper1000,Min/Max,AverageTime,Description
0,1626,ğŸ‘‘ Advance Version,$105.3,1000 / 3000,NOT ENOUGH DATA, 1000 Quantity = 1 Smm script. Write 1000 in order quantity if you want a single license. Note: 1 Year Hosting is included in this package. VPS Hosting itself cost you $5/month. We are giving this for free with this package. ~Advance SMM Panel Script. ~With Added features. ~Lifetime License. ~Unlimited Orders ~Auto Sync Feature ~Easy Log Delete Feature ~Exclusive Pro theme added ~Bulk delete service added (Save lots of time) ~ Custom price for every user. ~ Add commission up to 1000% ~ Multiple Payment options. ~ Advance admin settings. ~ News management ~ and much more Purchase Domain before ordering: https://bit.ly/dg_namecheap_D Note: For demo contact us via WhatsApp 
1,1844,ğŸ‘‘ Child Panel - Yearly,$45.5,1000 / 1000,NOT ENOUGH DATA, On other panel charges $20/month but we only charge 3500Rs for a year. Means you saving more than 7000Rs for a year. Before Ordering Purchase domain from here: https://bit.ly/dg_namecheap_hd ~All truelysocial services ~Advance theme ~With Added features. ~Lifetime License. ~Unlimited Orders ~Auto Sync Feature ~Easy Log Delete Feature ~Exclusive Pro theme added ~Bulk delete service added (Save lots of time) ~ Custom price for every user. ~ Add commission up to 1000% ~ Multiple Payment options. ~ Advance admin settings. ~ News management ~ and much more 1000 Quantity = 1 Smm script. Write 1000 in order quantity if you want a single license. Note: For demo contact us via WhatsApp 
2,1700,Youtube Live Stream Views [ MONETIZABLE ] [ REAL ] INSTANT,$6.942182,5000 / 5000,NOT ENOUGH DATA, Active Live Stream Views - Monetizable â€¢ Avg Concurrent 500-1500* will stay for 1-2 hours (*depends on the order amount and video content) â€¢ 100% Real Human Active YouTube Viewers! â€¢ INSTANT START â€¢ Windows Desktop Watch Page & Embeded* Views â€¢ 100% Unique Traffic â€¢ NON-DROP Lifetime Guarantee â€¢ Possible User Engagements â€¢ Social Referrer (Twitter) â€¢ World-Wide Viewers Added in a NON-STOP Natural Pattern â€¢ Max Concurrents is Based on Order Size â€¢ Must be Unrestricted & Open for ALL countries â€¢ Cancel any Time with Full/Partial Refund â€¢ Over-Delivery Guaranteed â€¢ Monetizable (Can be Used with Ads Enabled) 
3,1703,Youtube Live Stream Views [24HOURS] [100-300 VIEWS],$5.45376,1000 / 1000,NOT ENOUGH DATA, Avg Concurrent 100-300 will stay for 24 hours â€¢ 0-4h start â€¢ 100% Real Human YouTube Viewers! â€¢ User Interactions Included â€¢ includes LIKES â€¢ Windows Desktop Watch Page â€¢ 100% Unique Traffic â€¢ Social Referrers â€¢ World-Wide Viewers â€¢ Must be Unrestricted & Open for ALL countries â€¢ No Cancellation can be done after order started 
4,1704,Youtube Live Stream Views [7DAYS] [100-300 VIEWS],$38.17632,1000 / 1000,NOT ENOUGH DATA, Avg Concurrent 100-300 will stay for 7 days â€¢ 0-4h start â€¢ 100% Real Human YouTube Viewers! â€¢ User Interactions Included â€¢ includes LIKES â€¢ Windows Desktop Watch Page â€¢ 100% Unique Traffic â€¢ Social Referrers â€¢ World-Wide Viewers â€¢ Must be Unrestricted & Open for ALL countries â€¢ No Cancellation can be done after order started 
5,1705,Youtube Premiere Waiting Views  [REAL] âš¡ï¸â­,$0.545376,1000 / 10000,NOT ENOUGH DATA, 1 order = 1 hour of work Example: 3 orders with 1 link = 3 hour of waitings 
6,1773,â­Youtube Live Stream Views [Monotizable] ,$7.0120583,5000 / 5000,NOT ENOUGH DATA, 400-1000 will stay for 1-2 hours 100% Real Human INSTANT START 
7,1699,ğŸ”¥ Youtube Ads Views - Cheapest In the Market,$1.1115,50000 / 50000000,NOT ENOUGH DATA, Cheapest In the Market 
8,1698,ğŸ”¥ Punjabi AdWord Views (Approval),$2.0647575,50000 / 10000000,NOT ENOUGH DATA, ONLY FOR PUNJABI VIDEO. ğŸ•› Start Time : 24-36 Hour ğŸ”¥True Adword Views- Ads takes 24-36 hours for approval. ğŸ”¥Like+Views (For Big Orders) ğŸ”¥High Retention + High Impression ğŸ”¥India Many Country Mix ğŸ”¥Max Speed : 10k-200k/Day If the video length shorter than :- Speed 10k-500k Max Video Length - 5min For more min video - price will be higher. - True NonDrop - True Genuine Source- Yt Advertisment - Nondrop - Lifetime Guaranteed - Quality- High + Best - OWN SERVICE [WE ARE PROVIDER OF THIS SERVICE] Note- ğŸ”¥Video must be fresh so there will be no dropping for liftime. Because views with older drop can't be Refilled because its pure AdWord 
9,1245,Youtube - ADS Views [ Non Drop ] ] [ Speed - 500k-1m/day ] [ Life Time Guaranteed ] [ Start 1-24hrs ],$2.964,50000 / 100000000,NOT ENOUGH DATA, Start time : 24hrs ( Max 48hrs ) Minimum 10 000 ADS Views 100% Non drop! No restrication for time limit of video Why start time 1-24hrs? Because it take time 24hrs maximum to approved from ADS. 
10,1612,Youtube AdWords Views [In-Stream Ad] [1-5m/day] [Cheapest In Market] ğŸ”¥ğŸš€âš¡,$1.46016,10000 / 10000000,12 hours and 40 minutes, 
11,1613,Youtube AdWords Views [Discovery/Display Ad] [300k-1m/day] [Cheapest In Market] ğŸ”¥ğŸš€âš¡,$1.57248,10000 / 1000000000,03 hours and 17 minutes, ğŸ•› Start Time : 12-36 Hour ğŸ”¥True Adword Views- Ads takes 12-36 hours for approval. ğŸ”¥Max Speed : 20k/Day ğŸ”¥ Max- 100K ğŸ‘‰ High Retention ğŸ‘‰ True NonDrop ğŸ‘‰ True Genuine Source- Yt Advertisment ğŸ‘‰ Nondrop ğŸ‘‰ Refill: Lifetime Guaranteed ğŸ‘‰ Quality- High + Best ğŸ‘‰ OWN SERVICE [WE ARE PROVIDER OF THIS SERVICE] Note: Longer - (no more than 5 min). Longer Video Slower the speed. Shorter video High will be the speed. 
12,1670,â­Youtube Live Stream Views [Monotizable] ,$2.681432,5000 / 4000,NOT ENOUGH DATA, 400-1000 will stay for 1-2 hours 100% Real Human INSTANT START 
13,1672,Cheapest AdWord Views [40k/Day ] [Non Drop] ,$3.63584,15000 / 500000,52 hours and 14 minutes, ğŸ•› Start Time : 12-36 Hour ğŸ”¥True Adword Views- Ads takes 12-36 hours for approval. ğŸ”¥Max Speed : 20k/Day ğŸ”¥ Max- 100K ğŸ‘‰ High Retention ğŸ‘‰ True NonDrop ğŸ‘‰ True Genuine Source- Yt Advertisment ğŸ‘‰ Nondrop ğŸ‘‰ Refill: Lifetime Guaranteed ğŸ‘‰ Quality- High + Best ğŸ‘‰ OWN SERVICE [WE ARE PROVIDER OF THIS SERVICE] Punjabi Video strictly not Allowed. Longer Video Slower the speed. Shorter video High will be the speed. Longer - (more than 5 min). 
14,1724,â¡ï¸ Youtube Adword Views - ğ‘¶ğ’˜ğ’ ğ‘ºğ’†ğ’“ğ’—ğ’†ğ’“ [ Speed 500K - 1M/D ] 0-24 Hours,$0.94575,30000 / 10000000,01 hours and 28 minutes, ğŸ•› Start Time : 06-36 Hour ğŸ”¥True Adword Views- Ads takes 12-36 hours for approval. ğŸ”¥Max Speed : 20k/Day ğŸ”¥ Max- 100K ğŸ‘‰ High Retention ğŸ‘‰ True NonDrop ğŸ‘‰ True Genuine Source- Yt Advertisment ğŸ‘‰ Nondrop ğŸ‘‰ Lifetime Guaranteed ğŸ‘‰ Quality- High + Best ğŸ‘‰ OWN SERVICE [WE ARE PROVIDER OF THIS SERVICE] Punjabi Video strictly not Allowed. Longer Video Slower the speed. Shorter video High will be the speed. Longer - (no more than 5 min). 
15,1731,YouTube AdWords Views [100% Non Drop] [6 hrs Start] [100-500K/Day] [Min - 50K]ğŸ”¥âš¡ğŸ”¥,$0.95472,50000 / 10000000,NOT ENOUGH DATA, N/A 
16,1732,YouTube AdWords Views [100% Non Drop] [500K/Day] [Min - 20K]ğŸ”¥âš¡ğŸ”¥,$1.01088,20000 / 10000000,02 hours and 01 minutes, ~Original Ads views and no drop at all. Fully trustable service ~Max Video Size: 5 Mins ~For Fast Speed quantity should be more than 100k. 
17,1733,YouTube AdWords Views [100% Non Drop] [500K/Day] ğŸ”¥âš¡ğŸ”¥,$1.01088,30000 / 10000000,43 minutes, ~Original Ads views and no drop at all. Fully trustable service ~Max Video Size: 5 Mins 
18,1843,â¤ï¸ YouTube Monetization Pack 1 [Cheapest] & [High Quality],$110.5,1000 / 1000,NOT ENOUGH DATA, Cheapest monetization pack ğŸ•› Start Time: 2-8hours ğŸ”¥Watch time Speed: 500-1000Hrs/day speed ğŸ‘‰ High Retention ğŸ‘‰ 100% HR Views ğŸ‘‰ 100% Real Views That will never drop ğŸ‘‰ 60+ min Video required ğŸ‘‰2 videos of 1hour required in your channel ğŸ‘‰1000subscribers ğŸ‘‰Likes included 10-15 days to complete the order. Note: Put 1000 in an order quantity to start with this package. 
19,1833,ğ˜ğ¨ğ®ğ“ğ®ğ›ğ ğ–ğšğ­ğœğ¡ğ­ğ¢ğ¦ğ [ğ…ğ¨ğ« ğŸ‘ğŸ ğ¦ğ¢ğ§ - ğŸğ‡ğ‘ ğ•ğ¢ğğğ¨ğ¬] [ğŒğ¨ğ§ğğ­ğ¢ğ³ğšğ­ğ¢ğ¨ğ§ ğ’ğšğŸğ],$8.53632,1000 / 4000,87 hours and 13 minutes, ğŸ•› Start Time : 12-24 ğŸ”¥Speed : 300-400 Hrs/day speed ğŸ‘‰ Min vedio : 30 minutes ğŸ‘‰ High Retention ğŸ‘‰ 100% HR Views ğŸ‘‰ 100% Real Views That will never drop ğŸ‘‰ OWN SERVICE [WE ARE PROVIDER OF THIS SERVICE] 
20,1832,ğ˜ğ¨ğ®ğ“ğ®ğ›ğ ğ–ğšğ­ğœğ¡ğ­ğ¢ğ¦ğ [ğ‚ğ¡ğğšğ©ğğ¬ğ­ ğˆğ§ ğŒğšğ«ğ¤ğğ­] [ ğŸğŸğŸ% ğŒğ¨ğ§ğğ­ğ¢ğ³ğšğ­ğ¢ğ¨ğ§ ğ’ğšğŸğ],$7.7064,1000 / 4000,120 hours and 12 minutes, ğŸ•› Start Time : 2-8hours ğŸ”¥Speed : 1000-2000 Hrs/day speed ğŸ‘‰ High Retention ğŸ‘‰ 100% HR Views ğŸ‘‰ 100% Real Views That will never drop ğŸ‘‰ 60+ min Video required ğŸ‘‰ OWN SERVICE [WE ARE PROVIDER OF THIS SERVICE] 
21,1829, YouTube Expert ğŒğ¨ğ§ğğ­ğ¢ğ³ğšğ­ğ¢ğ¨ğ§ ğ–ğšğ­ğœğ¡ ğ“ğ¢ğ¦ğ (Non Drop  Instant) [Min-100h  Max-4000h],$10.6704,1000 / 4000,140 hours and 01 minutes, * Organic Watch time [You will get 100-4000 Hours Watch Time in 1-6 Days] 1. Video Length Must Be 60 Mins+ 2. Quantity Must Be multiple of 100 3. Video Embeds Must Be Allowed/Enabled. 4. Streaming Video Is Not Allowed. 
22,1805,YouTube ğŒğ¨ğ§ğğ­ğ¢ğ³ğšğ­ğ¢ğ¨ğ§ ğ–ğšğ­ğœğ¡ ğ“ğ¢ğ¦ğ [Best Service],$7.3174582,1000 / 4000,90 hours and 14 minutes, âœ”ï¸Organic Watch time âœ”ï¸Min 100 Hours âœ”ï¸Max 4000 Hours âœ”ï¸Start Time 0-3 Hours Note: 1: Video Length Must Be 30 Mins+ 2: 100-4000 Hours Watch Time may need 1-4 Days. 3: Embed must be On 
23,1792,â™› YouTube Watchtime [1000 Hours] [Monetization Safe] [100% Real] [ Non Drop ],$14.7706,500 / 4000,88 hours and 31 minutes, âŒ› Estimated Start Time: 0-6 Hours! âš¡Delivery speed: 1000 Hours Per Day! â™› Min: 200 Max: 4000! â™» Refill: [ NON DROP ] âœ”ï¸100% High Retention Views ğŸ’¡ Rules: 1. Minimum Video Length 2 Hours [ Not Less Than 2 hours ] 2. Maximum Video Length 3 Hours [ Not More Than 3 hours ] 3. Don't Buy Other Views After Placing Order ! 
24,1793,â™› YouTube Watchtime [1000 Hours] [1 Hour Video Length] [ Non Drop ],$14.7706,500 / 4000,196 hours and 32 minutes, âŒ› Estimated Start Time: 6 Hours! âš¡Delivery speed: 1000 Hours Per Day! âš ï¸ Refill: Non Drop ! ğŸ“¢ Minimum Video length 1 Hour 
25,1836,âœ… YouTube - Views ~ Speed 30k ~ ğ‘ºğ’•ğ’‚ğ™—ğ’ğ™š ~ ğŸ††ğŸ†ƒ 30Sec/2Min ~ ğ‹ğ¢ğŸğğ“ğ¢ğ¦ğ,$0.687648,100 / 10000000,08 hours and 16 minutes, â™» Instant Startâ™» 5k-20k/day â™» 30 Days Refill â™» Retention - 0-1 minute â™» Device Type - ( Random ) âŒ Imported Note Only Refill and No refund for this service. âŒ If your order is partially refunded. And After that views get more drop or video get deleted - No refill and No more refund on partial order. 
26,1848,âœ…YouTube Real Views - Engaging Views - Stable - Cheapest & Best in Market (Recommended) ,$0.897,5000 / 5000000,04 hours and 17 minutes, ~ Real engaging views ~ 50k-100k Speed ~ Highest Quality (brings likes and subs too depends on content and size of the order - for good results order more than 100k views) ~ Best in Market ~ Non Drop ~ Stable views 
27,1444,Youtube ADS Views [âˆ] [Râˆ] â­ğŸ”¥,$2.04516,50000 / 10000000,NOT ENOUGH DATA, Start Time: 24 - 72 hours Speed: 10K/ day - 100K/ day Refill: No Drop Specs: Real - High Monetization - High Impression - Get Likes Also Important: VIDEO MUST BE UNDER 5 MINUTES 
28,1446,Youtube Views [âˆ] [FAST] [Râˆ] â­â™»â›”ğŸ”¥,$1.54128,1000 / 2000000,05 hours and 04 minutes, Start Time: Instant to 12 Hours Speed: Up to 100K/ day Refill: Lifetime Guaranteed With Auto Refill Every 2 Hours ! Specs: 60 seconds+ retention Source: Mix of Web and Mobile traffic 
29,1447,Youtube Views [10M] [FAST] [REAL] âš¡ï¸â­,$2.04516,1000 / 100000000,11 hours and 43 minutes, INSTANT START Non Drop Good For Ranking 200k-300k/day speed. Life Time Guaranteed Retention 30 sec-1 Minutes 
30,1494,Youtube Views [2M] [Râˆ] [1H - 50K/Day] â™»â›”,$1.64749,1000 / 20000,13 hours and 58 minutes, - Instant Start - Up to 50K per Day Speed - Up to 5' Retention - Cancel & Refill Button 
31,1496,Youtube Views [10M] [Râˆ] [6H - 500K/Day] ğŸ”¥,$1.636128,500 / 10000000,09 hours and 48 minutes, Start Time: 4 - 6 hours Speed: 50K-100K/ day Refill: Lifetime Guaranteed Specs: 30 to 180 seconds retention 
32,1497,Youtube Views [20K] [24H - 200/Day],$0.68172,10000 / 20000,12 hours and 34 minutes, Start Time: Instant - 72 hours Speed: 50-300/ day Refill: no Specs: - Comes usually 2 times more order (after completion views continue to go) - Monetized views -10-250 seconds - Retention Important = If the order is marked as completed and you do not see an increased number of views like your video and refresh the page after 30 seconds your views will appear. 
33,1498,Youtube Views [20K] [R90] [24H - 200/Day] â™»,$1.499784,1000 / 20000,48 hours and 55 minutes, Start Time: Instant - 72 hours Speed: 50-300/ day Refill: 90 days Specs: - Comes usually 2 times more order (after completion views continue to go) - Monetized views -10-250 seconds - Retention Important = If the order is marked as completed and you do not see an increased number of views like your video and refresh the page after 30 seconds your views will appear. 
34,1525,âš¡ğŸ”¥Youtube Views - Non Drop -[10k-15k] Lifetime Guaranteeâš¡âš¡âš¡ğŸ”¥ ( Instant Start) (Helps in Ranking Video) [Recommended],$1.24982,1000 / 100000,01 hours and 54 minutes, Retention 30 second to 5 minutes Instant Start Speed 100k-300k Instant Start Very Fast Views Lifetime Guarantee 
35,1602,ğŸ”¥â¤ï¸Youtube Views High Speed [1m-2m][High Retenion/Watch time],$1.36344,1000 / 9000,09 hours and 41 minutes, High Retenion Views Watch Time Also Increase No Drop Lifetime Refill Guaranteed 
36,1753,ğŸ‘ŠğŸ‘Š AutoRefil Views  [R100] [RAV + Engagement] [INSTANT],$1.42272,500 / 20000,07 hours and 33 minutes, - Auto Refill Every day ğŸ”¥ - Embed must be ON ğŸ§² - 24 hour Completion â€¢ RAVâ„¢ - Real Active Views + user engagements Mobile Watch Page . 6% drop Auto Refill â€¢ Up to 20k Views Per Day â€¢ RAVâ„¢ - Real Active Views* â€¢ 100% Real Human Active YouTube Watch time Views â€¢ Upto 4Min Retention â€¢ INSTANT START Sometimes (1-2hr ) â€¢ IF Delay Start 14-20 HOUR rarely. â€¢ Stable Views with 100 Days Refill Guarantee** â€¢ Mobile Watch Page Views â€¢ 100% Unique Real Active Users Traffic â€¢ Traffic Sources: Direct Advertisement +External â€¢ World-Wide Views Added in a NON-STOP Natural Pattern â€¢ Must be Unrestricted & Open for ALL countries 
37,1754,â¤ï¸ Youtube Views ( Zero Drop ) Min 10K - High Quality,$1.173744,1000 / 1000000,12 hours and 49 minutes, - Time- 7hour - 100k-300k/day speed. - 30 Days Refill - Embed Video - Retention- Upto 6Min - ğŸ”¥ Zero Drop - Zero Drop Only Possible when Its a Fresh Video there Should not be any older drop.Then you can enjoy the quality. 
38,1755,â¤ï¸ Views NonDrop [Upto 20Min Retention] [R30],$2.964,1000 / 1000000,05 hours and 59 minutes, â¤ï¸ HR VIEWS â¤ï¸ ğŸ‘‰ Cheapest In Market ğŸ•‘ Start Time : 12-24 hrs ğŸš€ Speed : 1-2k Views/day ğŸ‘‰ Average Retention : 8-20 Minutes â„¹ï¸ Note : Add Videos greater than 1hr 30min for good retention. You will not get good retention in videos less than 1 hour. These are highest quality views available in market. Apply for monetization as soon as your watchtime is completed because youtube comes with updates every 2 months. 
39,1756,â¤ï¸ Views NonDrop [Upto 7Min Retention],$2.3712,1000 / 1000000,22 hours and 37 minutes, Youtube Highest Retention For now Retantion - 30sec to 7Min Start Time: 12-24 hours Speed: 300K-500K/ day Refill: Lifetime Guaranteed Specs: SUPER Fast - NEVER DROPS 
40,1757,â¤ï¸ FASTEST Views ( 100k-150k/day ) Nondrop,$1.4983618,10000 / 10000000,05 hours and 42 minutes, Start time-: 3-6 hours SPEED - 100k-150k/Day Nondrop Liftime GUARANTEE Source- Not specified Minimum- 10k Remember- Its a pure Nondrop Views it will never drop for FRESH VIDEO or Less start count We Guarantee. BUT video with higher start count can have Older drop. Please keep a note. 
41,1758,â¤ï¸ Embed Autorefill Views [ Nondrop] ,$1.399008,100000 / 20000,06 hours and 13 minutes, ğŸ§² Note- Embed Must be On ğŸ• Start time - Instant but will show after 15-20hour. ğŸ“ˆ Any Quantity Will Completed in 24 hour. ğŸŒ¡ï¸Speed- 20k/Day ğŸ”¥ AutoRefill in 24 hour ğŸ”¥ Auto Refill Guarented -: Nondrop -: Retention - upto 4 min -: Best Recommended 1) Auto Refill in Every 24 hour 2) Any Quantity (Eg: 1k 10k 15k 20k ) Will Complete in 24 hour. 
42,1845,â¤ï¸ YouTube Subscribers ~ Lifetime ~ Stable ~ Best In Market,$20.8,200 / 5000,NOT ENOUGH DATA, ~0-6 hrs start ~200-300 subs/day ~Stable & non drop ~Lifetime Note: Few may unsubscribe because they are real. 
43,1849,ğŸ˜ Real YouTube Subscribers ~ Engaging  Subscribes ~ Best In Market,$16.9,500 / 5000,NOT ENOUGH DATA, Recommend service Real service ğŸ˜Direct YouTube advertising ğŸ‘‰start time : 0-1hours ğŸ‘‰ lifetime stabel ğŸ‘‰Minimum oder is 500 Subscribers ğŸ‘‰100% real human Subscribers ğŸ‘‰100% monetization guarantee ğŸ‘‰likes comments are included Because they are real humans ğŸ‘‰Speed 200-300 Subscribers per day ğŸ‘‰Few may unsubscribe because they are real humans 
44,1398,Youtube USA Subscribers [50K] [R30] âš¡ğŸ’§â­,$12.0590145,5 / 1500,632 hours and 42 minutes, - Real USA Users - 30 Days Refill Guaranteed - Up to 6 Hours Start (Usually Instant) - Up to 50 Subscribers Per Day (Natural Pattern) - Min = 5 - Max = 1.5k Per Order - 50K Per Channel 
45,1399,Youtube Subscriber ( Min 5 / Max 1500 ) Total 80K - 30 days Refill Guarantee,$17.9049182,5 / 1500,646 hours and 07 minutes, -Min: 5 - Max: 1.500 (You can add new order after your order complete. Actual maximum is 80.000) -Orders canâ€™t cancel after start. - Please make sure the channel's subscribers count is public. -Daily speed 30-50 /day . Your channel will receive minimum 50 subscribers each day. Non stop and natural pattern. -30 days refill guarantee 
46,1821,YouTube Dislikes ~ Max 130k ~ Speed 50-500/days ~ ğ—¥ğ—˜ğ—™ğ—œğ—Ÿğ—Ÿ ğŸ¯ğŸ¬ğƒ ~ INSTANT,$12.35,10 / 130000,660 hours and 11 minutes, URL Correct format : https://www.youtube.com/watch?v=videoid Incorrect format : https://youtu.be/PZ5lh7EjCgI Quality: High Quality Limit: Min 100 & Max 130k Speed: 500-1k per days Start time: Instant to 3hrs ( Some time delay if server overload or we update system) Guarantee: 30days Guarantee Refund: No refund YouTube Not updating Likes and dislikes counter instant You can check here : http://likescounter.com/ Can be partial order again if partial 
47,1222,Youtube - Share [ Instant ] 1M,$4.47564,50 / 1000000,14 hours and 20 minutes, âœ…0-1hrs Start time âœ…Real âœ…Life Time Guaranteed âœ…Minimum 50 âœ…Shares will be shows in analytics after 24-48hrs according to order time! 
48,1223,Youtube - Superfast Share [ 20k-30k/day ],$19.39444,100 / 150000,NOT ENOUGH DATA, INSTANT SUPER-FAST Real Life Time Guaranteed Minimum 100 More Faster way to grow your video faster! 
49,1535,Youtube Likes 200K Base{ No refill},$1.36344,20 / 2000000,36 hours, Speed 15k-20k A day NO GUARANTEE EVEN IF DROP NEXT DAY 
50,1537,Youtube Comments Likes ( Min: 10 ) ( upvote ),$6.02186,10 / 20000,06 hours and 17 minutes, 
51,1538,Youtube Likes [5K] [R30] âš¡â™»,$2.04516,50 / 5000,09 hours and 33 minutes, - Auto-Refill 30 days Guarantee - Start 0-24 hours - Speed 50-200 / day 
52,1539,Youtube Comments Dislikes ( Min: 10 ) ( Downvote ),$6.02186,10 / 20000,37 hours and 38 minutes, 
53,1540,Youtube Likes ( Super Fast ) 30 Days Refill ( Min 10 : Max 10k ),$7.9534,100 / 10000,894 hours and 10 minutes, NO GUARANTEE EVEN IF DROP NEXT DAY 
54,1541,Youtube USA Likes { 30 Days Refill },$11.9301,5 / 1500,665 hours and 28 minutes, Instant Start -Likes from USA accounts. -Min: 5 - Max: 1.500 (You can add new order after your order complete. Actual maximum is 80.000) -Orders canâ€™t cancel after start. - Please make sure video's like count is public. -Daily speed 50-200 /day . Your video will receive minimum 50 likes each day. Non stop and natural pattern. -30 days refill guarantee 
55,1542,Youtube Likes ( Instant Fast ) Min 50 | Max 50k ( No Refill ),$1.98835,50 / 50000,1395 hours and 28 minutes, Real Likes NO REFILL NO Refund 5k to 10k Per day Minimum 50 
56,1543,Youtube - Likes [100% REAL] [1k-2k/DAY] [LESS DROP] [ INSTANT],$19.8835,50 / 100000,11 hours and 58 minutes, 100% Real Human Guarantee: 30 days Refill Instant start Speed: 500-2k/day 
57,1544,Youtube Comments [RANDOM] [500] [USA] [Râˆ] âš¡â­,$38.17632,10 / 500,585 hours and 45 minutes, Start Time: Instant - 1 hour Refill: Lifetime Guarantee Specs: Put Link Of Video - HQ - USA Accounts WITHOUT Profile Pictures 
58,1545,Youtube Comments [RANDOM] [100] [USA - FEMALE] [Râˆ] âš¡â­,$34.086,10 / 100,45 hours and 38 minutes, Start Time: Instant - 1 hours Speed: Refill: Lifetime Guarantee Specs: Put Link Of Video - High Quality - USA - FEMALE 
59,1824,TikTok Comments [Random],$6.8172,20 / 1000,95 hours and 52 minutes, âœ… High Quality Comments âœ… Stable 
60,1820,âœ… TikTok Followers ~ ğ—¥ğ—˜ğ—™ğ—œğ—Ÿğ—Ÿ ~ Speed 1k-5k ~ INSTANT,$2.8405,100 / 10000,12 hours and 33 minutes, Guarantee SPEED: 1k-5k/DAY Start: INSTANT to 3 Hrs 
61,1819,TikTok Random Comment  ~ Speed 1k/days ~ INSTANT,$8.645,20 / 10000,144 hours and 03 minutes, 
62,1813,âœ… HQ TikTok Likes ~ Best In Market [10K],$1.14608,100 / 10000,04 hours and 59 minutes, âœ… High Quality Likes âœ…Instant - 1 hours stat usually âœ… Non Drop [20 Days Free Refill if Drop]. âœ… Stable Likes 
63,1812,âœ… HQ TikTok Followers ~ Best In Market [20K],$3.5671623,100 / 10000,18 hours and 53 minutes, âœ… High Quality Followers âœ…Instant - 1 hours stat usually âœ… Non Drop [20 Days Free Refill if Drop]. âœ… Stable Followers 
64,1451,TIK TOK FOLLOWERS - MIN 100 - MAX 500K  - New,$5.1129,50 / 10000,05 hours and 31 minutes, - Speed 5000 per day - Avatars Followers and Likes - 30 days warranty - minimum 10 - maximum 10000 - instant start to 5 minute start Time ( Put Full Url For Example https://www.tiktok.com/@username ) 
65,1402,TIK TOK - Video Likes - 30 days guarantee,$4.03351,500 / 10000,04 hours, Bot Followers Min 100 and Max 10k Example For Sending Link: https://www.tiktok.com/@tiktok Quality: https://prnt.sc/rxrmpl Start Time: 0-3 Hours ( Mostly Start within 1 hour ) NO REFILL 
66,1452,Tik Tok Likes - Video link only- MAX 50k,$5.1129,50 / 10000,06 hours and 42 minutes, - Speed 5000 per day - Avatars Followers and Likes - 30 days warranty - minimum 10 - maximum 10000 - instant start to 5 minute start Time 
67,1453,TIK TOK FOLLOWERS - MIN 50 - MAX 200K - 30 days refill - Only link,$7.04444,50 / 15000,280 hours and 49 minutes, Add link of profile 
68,1454,Tik Tok - Followers - Add Profile Link - Lifetime Guarantee,$3.23817,50 / 20000,11 hours, - Add Profile URL - CHEAPEST IN THE MARKET - NON DROP - LIFETIME REFILL GUARANTEE - START TIME 1-2 MINUTES - SPEED 30.000/DAY - MINIMUM 100 - MAXIMUM 120 000 
69,1455,Tik Tok - Likes ~ Add VIDEO Link - Lifetime Guarantee,$7.04444,50 / 15000,08 hours and 45 minutes, - Add Video URL only - CHEAPEST IN THE MARKET - NON DROP - LIFETIME REFILL GUARANTEE - START TIME 1-2 MINUTES - SPEED 30.000/DAY - MINIMUM 100 - MAXIMUM 150 000 
70,1456,Tik Tok Views - Speed 100k/Day,$0.0045448,1000 / 1000000,01 minutes, 
71,1664,TikTok - Followers S1 ( Instant - 3 Hours start  Non drop ),$3.17538,500 / 1000,29 hours and 01 minutes, Good package 
72,1665,TikTok - Likes S1 ( Instant-3 hours start   Indian   1k/Day ),$1.001052,100 / 1000,06 hours and 18 minutes, 
73,1707,Tiktok Views[500K/day] [ NO refill ],$0.0130416,5000 / 1000000000,03 minutes, 
74,1708,Tiktok Views[100K/hour] [ 0.008$/K ],$0.0094848,1000 / 1000000,08 minutes, Quantity must be multiple of 100 
75,1709,Tiktok Likes - Max 10k - 1k-5k/day - Real Looking,$1.2045371,100 / 10000,08 hours and 54 minutes, No Refill Max 10k 1k-5k/day Speed can be slow because it is cheap service 
76,1725,Tik Tok Video Views [ Trending + Viral Views] [ Speed 30-50k/hour],$0.1267929,500 / 500000,01 minutes, This views have different algorithm and help in making the video viral and trending Benefits of views: You may gain organic likes followers and video can go viral if the content is good Lifetime Guarantee 
77,1726,Tiktok Followers [ Max 10k ] [ 1k-5k/day ],$0.90896,100 / 3000,01 hours and 20 minutes, NO REFILL 1K-5K/DAY REAL LOOKING 
78,1736,ğ“ğ™šğ”€ ~ TikTok - Likes ~ INSTANT,$0.3842215,100 / 10000,02 hours and 49 minutes, 
79,1737,TikTok - Likes ~ Max 10k ~ ğğ ğ—¥ğ—˜ğ—™ğ—œğ—Ÿğ—Ÿ ~ Speed 1k ~ Start 0/24Hrs,$1.09512,100 / 10000,02 hours and 36 minutes, ~ ğ’€ğ‘¶ğ‘ˆ ğ‘µğ„ğ„ğ—— ğ—§ğ ğ‘¨ğ——ğ—— ğ—©ğˆğ——ğ„ğ ğ¹ğ‘¼ğ‹ğ‹ ğ—ŸğˆğğŠ To get followers ~ Profile Link not Allowed Quality: Real Looking Quantity: Min 100 max 10k Guaranteed: Not Guaranteed Speed: Speed 3k/Hrs 
80,1738,616 ~ TikTok - Share ~ REAL ~ Max 10k ~ INSTANT,$30.42,50 / 10000,92 hours and 09 minutes, Quality: Real Share Start: within 1 min to 1 hrs Min: 50 Max: 25k Guarantee: 30 days refill 
81,1782, TikTok - Likes ~ Max 30k ~ ğ—¥ğ—˜ğ—™ğ—œğ—Ÿğ—Ÿ ~ Speed 10k ,$6.13548,20 / 30000,09 hours and 59 minutes, - CHEAPEST IN THE MARKET - NON DROP - LIFETIME REFILL GUARANTEE - START TIME 0-30 MINUTES - SPEED 5000/DAY - MINIMUM 100 - MAXIMUM 30000 
82,1784,TikTok Followers [30K] [R30] [1H - 5K/Day],$5.930964,50 / 30000,10 hours and 45 minutes, 
83,1187,Instagram Tv Views (S),$0.149188,500 / 500000,40 minutes, IGTV Random Comments ! Full TV Video Link Needed ! INSTANT Start ! Min = 100! Example URL- https://www.instagram.com/tv/BkSp-6VF5fg/ 
84,1189,Instagram - RANDOM Comments [INDIAN] INSTANT-1HRS,$37.2970013,100 / 100,NOT ENOUGH DATA, Working Fast All are Indian Users 
85,1806,ğ•­ğ–Šğ–˜ğ–™ Instagram ğŸ†ğŸ…´ğŸ…°ğŸ…» Likes,$1.59068,100 / 10000,27 hours and 16 minutes, âœ‡ Start Time: Instant â™› Speed per Day: Upto ğŸğ¤ â˜… ğ“ğ“¸ğ“· ğ““ğ“»ğ“¸ğ“¹ Â© â–¼ Minimum Order: 50 â–² Maximum Order: 10000 
86,1460,Instagram Likes [20K] [INSTANT - INSTANT] ğŸ’§,$2.21559,100 / 5000,309 hours and 35 minutes, Start Time: 0-5 Minutes Speed: 15K/ day Refill: No refill Specs: Best in speed 
87,1636,Instagram Likes [10K]  TS EXCLUSIVE S2 - SUPER FAST] [WITH PP] âš¡âš¡âš¡âš¡ğŸ’§,$0.590824,20 / 10000,07 hours and 45 minutes, FASTEST CHEAPEST LIKES WITH PROFILE PICTURES IN THE MARKET Refill: No Refill / No Refund 
88,1637,Instagram Likes [10K] [TS EXCLUSIVE S3 - SUPER SUPER FAST] [WITH PP] âš¡âš¡âš¡âš¡ğŸ’§,$1.07939,20 / 10000,05 hours and 31 minutes, 
89,1811,ğŸ‘‰Instagram Likes REAL ACTIVE  130K,$2.3712,10 / 130000,08 hours and 28 minutes, âœ… Real accounts âœ… No drop âœ… Start 1-5 min 
90,1036,Instagram Live Video Likes [ARAB] [4K] âš¡,$0.741,200 / 1000,NOT ENOUGH DATA, Username Only ARAB / GULF HQ Accounts ! Likes On Live Video Fast Delivery Minimum 100 
91,1037,Instagram Live Video Likes [10K] âš¡âš¡âš¡â­,$0.2964,200 / 10000,NOT ENOUGH DATA, Username Only No Refill / No Refund Likes On Live Video Fast Delivery Minimum 200 
92,1038,Instagram Live Video Likes [1M] âš¡âš¡âš¡â­,$1.1115,50 / 1000000,23 hours and 04 minutes, Username Only No Refill / No Refund Likes On Live Video Fast Delivery Minimum 50 
93,1040,Instagram Live Video Views [3K] [ALWAYS WORKING] âš¡âš¡âš¡â­,$10.6704,20 / 500,17 hours and 53 minutes, IG Live Video Views HQ Accounts ALWAYS WORKING SERVICE Min = 20 Max = 3K 
94,1041,Instagram Live Video Views [5K] âš¡âš¡âš¡,$14.82,100 / 5000,14 hours and 40 minutes, Username Only No Refill / No Refund Views On Live Video Fast Delivery Minimum 100 IF you ask for Refund You need to send a screenshot as a proof with the # of views and Time in the screenshot ! 
95,1042,Instagram Live Video Comments [2K] [RANDOM] âš¡ï¸âš¡ï¸âš¡ï¸,$8.151,50 / 2000,NOT ENOUGH DATA, Username Only No Refill / No Refund Random Comments On Live Video Fast Delivery Minimum 50 
96,1043,Instagram Live Video Comments [4k] [ARAB - CUSTOM] âš¡ï¸âš¡ï¸âš¡ï¸â­,$17.784,10 / 1000,NOT ENOUGH DATA, Username Only No Refill / No Refund Custom Comments On Live Video Fast Delivery Minimum 5 
97,1044,Instagram Live Video Comments [2K] [RANDOM] [MALE] âš¡ï¸âš¡ï¸âš¡ï¸â­,$13.338,50 / 2000,NOT ENOUGH DATA, Username Only MALE Commenters No Refill / No Refund Random Comments On Live Video Fast Delivery Minimum 50 
98,1045,Instagram Live Video Comments [2K] [RANDOM] [FEMALE] âš¡ï¸âš¡ï¸âš¡ï¸â­,$7.41,50 / 2000,359 hours and 36 minutes, Username Only FEMALE Commenters No Refill / No Refund Random Comments On Live Video Fast Delivery Minimum 50 
99,1727,Instagram Views Cheapest ( Working - 5 Million / Hour ) ( Recommended - BEST )âš¡âš¡âš¡,$0.0272688,100 / 50000000,01 hours and 10 minutes, 
100,1728,Instagram Views ( Super Fast ) Min 100  Max 10 Million [ 1Million/ Hour] [ Recommended ]âš¡ğŸ”¥,$0.017784,100 / 1000000,33 minutes, 
101,1729,Instagram Views ( Fast ) Min 200 | Max 500k,$0.0308256,100 / 10000000,42 minutes, 
102,1730,Instagram Views + Impressions [RANDOM] - [PROFILE VISITS],$0.041496,100 / 5000000,20 minutes, 
103,1759,IGTV Views [5M] [INSTANT - INSTANT],$0.02223,100 / 1000000,15 minutes, 
104,1760,IGTV Views [100M] [INSTANT - 500K/Day],$0.02223,500 / 1000000,NOT ENOUGH DATA, 
105,1761,IGTV Likes [15K] [1H - 5K/Day] ğŸ’§,$0.5928,100 / 10000,04 hours and 58 minutes, 
106,1762,IGTV Comments [100K] [1H - 100K/Day] ğŸ’§,$23.712,5 / 1000,133 hours and 16 minutes, 
107,1763,IGTV TOP QUALITY Likes [5K] [FAST],$3.14184,50 / 5000,08 hours and 19 minutes, 
108,1404,Instagram POWER Likes [5K] [REAL] ğŸ’ªâš¡ğŸ’§â­,$2.04516,50 / 500,10 hours and 28 minutes, - GOOD IG POWER Likes - Instant Start ! - All Accounts are HIGH Quality ! - Will Increase Your Chance to Reach Explore Page ! - Min order : 20 - Max order : 5K 
109,1574,Instagram POWER Likes [5K] [INSTANT - INSTANT] ğŸ’§,$2.590536,100 / 10000,04 hours and 23 minutes, - GOOD IG POWER Likes - Up to 6 Hours Start ! - Will Increase Your Chance to Reach Explore Page ! 
110,1605,Instagram Likes ~ Power Likes ~ Max 3k,$2.8405,100 / 10000,09 hours and 15 minutes, - Likes From REAL HIGh quality Profile - Min 20 & Max 5000 - Speed 5k per days - Start time 10min to 1hrs Note: VERY GREAT PROFILES | REAL USERS | ACTIVE USERS. A LOT OF POSTS AND FOLLOWERS! 
111,1606,ğ“‘ğ—²ğ’ğ­ ~ Instagram Likes ~ Super Power Likes ~ Max 5k,$2.698475,100 / 5000,06 hours and 51 minutes, - Likes High-Quality profile Real - Min 100 & Max 5000 - Speed 500 per hrs - Start time 10min to 1hrs Note: Only likes from great profiles that have a lot of followers and posts. Most of the profile have 1k-50k followers 
112,1669,ğŸ”¥ğŸ”¥ğŸ”¥ [EXCLUSIVE] Instagram POWER Likes [TOP IN MARKET] [50K] ğŸ”¥ğŸ”¥ğŸ”¥,$2.522364,20 / 50000,47 hours and 21 minutes, The Start Time: 0-1 Hour (In 99% of cases start within 5 minutes) The daily delivery speed: 2K Likes ~ Usual speed is 400-800 Likes/Hour Quality: Only %100 Real and Active Accounts. BEST FOR EXPLORE PAGE Quality Example ~ The Approximative Data: -https://www.instagram.com/businessman.us3/ -https://www.instagram.com/amireb__/ -https://www.instagram.com/arash.lovelorn/ -https://www.instagram.com/mahjor311/ 
113,1296,Instagram Story Views [20K] [LAST STORY ONLY]  âš¡â­,$0.11856,20 / 20000,01 hours and 44 minutes, Views On The Last Story Posted ONLY ! Username Only 0-1 Hour Start! Ultra Fast! Minimum 20 
114,1297,Instagram Story Views [15K] âš¡âš¡âš¡ğŸ’§â­,$0.0426816,100 / 15000,22 minutes, ALL STORIES ! USERNAME ONLY ! INSTANT START ! FAST DELIVERY ! Min = 100 Max = 15k 
115,1298,Instagram Story Views [30K] âš¡âš¡âš¡â­,$0.260832,100 / 20000,49 minutes, Username Only 0-1 Hour Start! Ultra Fast! Minimum 100 
116,1299,Instagram Story Views [MALE] [30K] âš¡âš¡âš¡â­,$0.2964,20 / 30000,02 hours and 16 minutes, Username Only Views from MALE users 0-1 Hour Start! 50K/Day Minimum 20 
117,1300,Instagram Story Views [FEMALE] [30K] âš¡âš¡âš¡â­,$0.2964,20 / 30000,01 hours and 06 minutes, Username Only Views from FEMALE users 0-1 Hour Start! 50K/Day Minimum 20 
118,1301,Instagram Impressions [250K] [ALWAYS WORKING] âš¡ğŸ’§,$0.7398144,250 / 5000,24 minutes, Instant ! FULL PHOTO LINK ACCEPTED ! Min = 100 Max = 250K 
119,1302,Instagram Impressions [10M] [EXPLORE - HOME - LOCATION - PROFILE] âš¡ï¸âš¡ï¸âš¡ï¸ğŸ’§â­,$0.082992,100 / 20000000,31 minutes, Impressions showing from ALL in the statistics (Explore Home Location Etc..)! Instant Start! Fast Delivery! Minimum 100 Maximum 10M 
120,1303,Instagram Impressions + Profile Visits [100K] [EXCLUSIVE] âš¡ğŸ’§,$0.7398144,250 / 5000,37 minutes, TS Exclusive Service ! Instant ! FULL PHOTO LINK ACCEPTED ! Get Impressions on your Picture + 20% Profile Visits for your Profile to Improve Your Rank ! Min = 100 Max = 100K 
121,1304,Instagram USA Impressions [100K] âš¡ğŸ’§,$0.320112,20 / 99999,54 minutes, Instagram USA Impressions [100K] âš¡ğŸ’§ 
122,1305,Instagram Impressions [100K] âš¡ğŸ’§â­,$0.047424,5 / 100000,27 minutes, Super Service No Refill / No Refund 0-1 Hour Start! 100K/Day Minimum 5 Maximum 100K 
123,1306,Instagram Reach + Impressions [100K] âš¡ï¸ğŸ’§ğŸ”¥,$0.924768,100 / 100000,58 minutes, - Insert PHOTO / VIDEO Link - Instant Start - HQ Reach + Impressions - Min = 100 
124,1307,Instagram Saves [5K] âš¡ï¸ğŸ’§,$0.142272,20 / 5000,26 hours and 25 minutes, Instant ! Min = 1 Max = 5k ! 
125,1308,Instagram Saves [15K] âš¡ï¸ğŸ’§,$0.23712,20 / 15000,05 hours and 53 minutes, No Refill / No Refund 0-1 Hour Start! 15K/Day Minimum 10 
126,1309,Instagram Saves [65K] âš¡ï¸ğŸ’§,$0.23712,20 / 35000,07 hours and 58 minutes, No Refill / No Refund 0-1 Hour Start! 20K/Day Minimum 20 
127,1310,Instagram Story Poll Votes [30K] âš¡ï¸âš¡ï¸âš¡ï¸ğŸ’§â­,$5.928,20 / 30000,996 hours and 18 minutes, IG Poll Votes Link Example for Option 1: USERNAME?vote=1 Link Example for Option 2: USERNAME?vote=2 0-1 Hour Start! Minimum 20 
128,1311,Instagram Story Poll Votes [10K] âš¡ï¸ğŸ’§â­,$17.784,20 / 10000,NOT ENOUGH DATA, IG Poll Votes Link Example for Option 1: USERNAME?vote=1 Link Example for Option 2: USERNAME?vote=2 0-1 Hour Start! Minimum 20 
129,1312,Instagram AUTO Story Views [30 DAYS] [10K] âš¡âš¡âš¡â­,$23.712,500 / 10000,NOT ENOUGH DATA, Username Only Get Story Views to your account every time you add to your story for 30 days! 0-1 Hour Start! Ultra Fast! Minimum 500 
130,1313,Instagram Highlights Views [20K] [EXCLUSIVE] âš¡ï¸âš¡ï¸âš¡ï¸ğŸ’§â­,$1.1856,20 / 20000,77 hours and 02 minutes, EXCLUSIVE SERVICE ! Available @ TS ONLY !! Get Instagram Highlights Views on ALL your HIGHLIGHTS ! Add Username Only ! Min = 20 ! Max = 20k ! 
131,1314,Instagram Photo Reach [30K] [EXCLUSIVE] âš¡ï¸ğŸ’§,$0.71136,100 / 30000,03 hours and 15 minutes, - FULL PICTURE / VIDEO LINK ! - Quality = HIGH ! - Start Time = Instant ! - Speed = Up to 30K Per Day ! - Refill = No Refill / Refund ! - Min = 100 ! - Max = 30K ! - Specs = Allow 10 Mins after order completion for insights to reload ! 
132,1315,Instagram Video Reach [30K] [EXCLUSIVE] âš¡ï¸ğŸ’§,$0.53352,100 / 30000,22 minutes, - FULL PICTURE / VIDEO LINK ! - Quality = HIGH ! - Start Time = Instant ! - Speed = Up to 30K Per Day ! - Refill = No Refill / Refund ! - Min = 100 ! - Max = 30K ! - Specs = Allow 10 Mins after order completion for insights to reload ! 
133,1316,Instagram Profile Visits / Views [100K] âš¡ï¸ğŸ’§ğŸ”¥,$0.995904,1000 / 100000,01 hours and 31 minutes, - Insert PROFILE Link - Instant Start - Profile Visits HQ - Min = 1000 
134,193,Instagram Followers [50K] [PERSIAN] [R30] âš¡ğŸ’§â­,$5.4813694,100 / 3000,27 hours, Real Iran Persian Account 1 to 4K Per Day Speed! Works on Private Account ! 30 Days Refill Guaranteed ! No Refill If Your Old Followers Dropped ! Min: 100 Max: 50K Max Per Order: 20K 1-6 Hours to start 
135,1787,âœ… Instagram Followers [R10] [HQ] [Recommended] [Stable Service] [15K,$2.13408,50 / 15000,37 hours, âœ…Start 1-2hrs âœ…Speed 5000 days âœ…Have Avatars and Post âœ…Real followers âœ…REFILL 20 Days (DROP NO MORE 30%) âš ï¸If the order is lower than startcoin refill will not be available 
136,1786,âœ… Instagram Followers [R30] [HQ] [Recommended] [Stable Service] [75K] ,$2.493855,15 / 75000,28 hours and 43 minutes, âœ…Speed: 2-10K Per day âœ…HQ Followers âœ…Fast Start Time âœ…[Stable Followers] âœ…[Less Drop] 
137,1484,[Instagram Followers [250K] [R20] [6H - 5K/Day] â™»ğŸ”¥],$5.28333,100 / 250000,22 hours and 32 minutes, 
138,1827,Private - 1 [do not buy],$2.366,10 / 15000,NOT ENOUGH DATA, Quick start. Wrapping speed: up to 3000 per day. There are living people. Exclusive Service - High quality subscribers. - Tasks are performed by living people visiting your profile. Natural wrapping! - Visits and other statistics come along with subscriptions! - Most subscribers from Russia. - Perhaps users will like and watch your stories. 
139,773,[Instagram Followers [15K] [R15] [6H - 1K/Day]],$4.71523,100 / 15000,85 hours and 16 minutes, 
140,1414,[Instagram Followers [200K] [R15] [1H - 3K/Day] â™»ğŸ’§ğŸ”¥,$3.9767,100 / 3000,774 hours and 46 minutes, 
141,1485,Instagram Followers [7K] [HQ] [R7] [3H - 3K/Day] â™»,$3.4086,200 / 5000,13 hours and 19 minutes, Start Time & Speed: 0-3 Hours & 3K/Day Quality: HQ Refill: refill for 7 days. 
142,1487,[Instagram Followers [100K] [R20] [6H - 5K/Day] â™»ğŸ”¥],$4.5448,100 / 100000,35 hours and 55 minutes, 
143,1489,Instagram Followers [15K] [HQ] [R15] [6H - 5K/Day] â™»ğŸ”¥,$4.82885,100 / 10000,69 hours and 48 minutes, 
144,1655,Instagram Followers (100K) {AR30} 5K/Day [ Non Drop - 30 Days Refill - S24,$8.74874,25 / 100000,25 hours and 07 minutes, 30 days refill 5k/Day No Drop even after two instagram updates 
145,1657,[Instagram Followers [50K] [AUTO Refill R30] [INSTANT 3K- 5K/Day] [Best Service] [ Recommended]],$6.07867,20 / 50000,08 hours and 42 minutes, Speed 20k-25k per day Auto refill Refill / cancel button enabled 30 days refill 
146,1658,Instagram Followers (5k/day  30 Days Refill   Auto Refill ) Non Drop [ recommended],$6.30591,50 / 5000,15 hours and 21 minutes, Speed 5k/Day Refill - 30 days Indian Majority Very Good Service 
147,1694,[Instagram Followers [20K] [HQ] [R30] [1H - 3K/Day]],$3.80627,50 / 20000,27 hours and 16 minutes, Start Time & Speed: 0-2 Hours & 3K -4K/Day Quality: HQ Refill: refill for 30 days. 
148,1721,Instagram Followers - [15k] REAL AND MIX,$2.3639824,15 / 15000,37 hours and 37 minutes, âœ…Start 1-2hrs âœ…Speed 5000 days âœ…Have Avatars and Post âœ…Real followers âœ…REFILL 20 Days (DROP NO MORE 30%) âš ï¸If the order is lower than startcoin refill will not be available 
149,1722,Instagram Followers - [45k]SUPER REAL,$3.5183486,15 / 45000,12 hours and 34 minutes, âœ…Start 1-2min âœ…Speed 2000-3000 days âœ…Have Avatars and Post âœ…Real followers only real âœ…Refill 30 days(DROP NO MORE 10%) âš ï¸If the order is lower than startcoin refill will not be available 
150,1785,âœ… Instagram Followers [R45] [HQ] [Recommended] [Stable Service] [50K] ,$2.223,15 / 50000,45 hours and 15 minutes, âœ…Speed: 2-10K Per day âœ…HQ Followers âœ…Fast Start Time âœ…[Stable Followers] âœ…[Less Drop] 
151,1853,âœ”ï¸ FB Real Page Likes+Followers World Wide ~Stable~ ğ‘ğŸ‘ğŸğƒ [2000+/D] [Max-20K],$7.1136,50 / 20000,NOT ENOUGH DATA, âœ”ï¸ * Worldwide Real Likes and Followers âœ”ï¸ * Start Time: 1-3 hours âœ”ï¸ * Day Speed 1000-1500 
152,1852,âœ”ï¸ FB Real Page Likes+Followers ~ Stable ~ ğ‘15ğƒ [1000+/Day] [Max-10K],$4.7424,50 / 10000,17 hours and 56 minutes, âœ”ï¸ * Real and Active Account âœ”ï¸ * Speed: 1000+/Day. âœ”ï¸ * Start Time: 1-3 Hours 
153,1804,âœ”ï¸ FB Real Page Likes+Followers ~ Stable  ğ‘20ğƒ [1500+/D] [Max-10K]],$5.928,50 / 10000,23 hours and 53 minutes, âœ”ï¸ * Real Likes and Followers âœ”ï¸ * Start Time: 1-3 hours âœ”ï¸ * Day Speed: 1500+ 
154,1818,âœ… Facebook Post Likes ~ Max 5k ~ ğ—¥30D ~ INSTANT,$1.1115,100 / 5000,10 hours and 07 minutes, 
155,1795,âœ”ï¸ Facebook Post Reaction (â¤ï¸)  [Max-4K],$4.62384,100 / 4000,30 hours and 04 minutes, * Min-100 Max-4000 Speed: 1K-1.5K/Day. * Start: 0-5 Hours * Note: You Can Place Same Link Order Multiple Times After Completing Previous order. 
156,1796,âœ”ï¸ Facebook Post Reaction (ğŸ˜¯) [Max-4K],$4.62384,100 / 4000,34 hours and 09 minutes, * Min-100 Max-4000 Speed: 1K-1.5K/Day. * Start: 0-5 Hours * Note: You Can Place Same Link Order Multiple Times After Completing Previous order. 
157,1797,âœ”ï¸ Facebook Post Reaction (ğŸ˜†) [Max-4K],$4.62384,100 / 4000,76 hours and 07 minutes, * Min-100 Max-4000 Speed: 1K-1.5K/Day. * Start: 0-5 Hours * Note: You Can Place Same Link Order Multiple Times After Completing Previous order. 
158,1798,âœ”ï¸ Facebook Post Reaction (ğŸ˜¢) [Max-4K],$4.62384,100 / 4000,NOT ENOUGH DATA, * Min-100 Max-4000 Speed: 1K-1.5K/Day. * Start: 0-5 Hours * Note: You Can Place Same Link Order Multiple Times After Completing Previous order. 
159,1799,âœ”ï¸ Facebook Post Reaction (ğŸ˜ ) [Max-4K],$4.62384,100 / 4000,NOT ENOUGH DATA, * Min-100 Max-4000 Speed: 1K-1.5K/Day. * Start: 0-5 Hours * Note: You Can Place Same Link Order Multiple Times After Completing Previous order. 
160,1800,âœ”ï¸ Facebook Real HQ Post Likes [Max-9K] ,$3.91248,50 / 9000,224 hours and 52 minutes, * Min-50 Max-9000 Speed: 500-2000/Day. Guarantee: 30 Days Refill * Start Time: 0-3 Hours * Note: You Can Place Same Link Order Multiple Times After Completing Previous order. 
161,1801,âœ”ï¸ Facebook Real HQ Post Likes [Max-4k] ,$1.89696,500 / 3500,93 hours and 28 minutes, * Min-100 Max-4000 Speed: 500-1000/Day. Guarantee: No Refill * Start Time: 0-3 Hours * Note: You Can Place Same Link Order Multiple Times After Completing Previous order. 
162,1289,Facebook ~ Page Likes ~ Worldwide ~ Speed 500- 1000 ~ No Drop,$25.688,1000 / 5000,NOT ENOUGH DATA, Facebook ~ Page Likes ~ Worldwide ~ Speed 500- 1000 ~ No Drop 
163,1837,âœ”ï¸ FB Post HQ Custom Comments [Positive] (Non Drop) [Max-500],$23.712,10 / 500,1928 hours and 12 minutes, ~Non Drop ~Manual Service ~Real Active Users ~Speed: 20-50 Comments//Day ~Min-10 Max-500 
164,1838,âœ”ï¸ FB Post Custom Comments From Male Profile Positive (Non Drop) [Max-500],$26.0832,10 / 500,NOT ENOUGH DATA, âœ”ï¸ FB Post Custom Comments From Male Profile Positive (Non Drop) [Max-500] 
165,1839,âœ”ï¸ FB Post HQ Random Comments (Non Drop) [Max-100],$26.0832,10 / 100,NOT ENOUGH DATA, ~Non Drop ~Manual Service ~Real Active Users ~Speed: 40-50 Comments//Day ~Min-10 Max-100 
166,1840,âœ”ï¸ FB HQ Post Emoji Comments (Non Drop) ,$26.0832,10 / 100,NOT ENOUGH DATA, ~Non Drop ~Manual Service ~Real Active Users *~Speed: 40-50 Comments//Day *~Min-10 Max-100 
167,1841,âœ”ï¸ FB Page Review (ğ˜ğğ¬) (Non Drop) [Max-400],$26.0832,10 / 400,NOT ENOUGH DATA, *~Non Drop Manual Service ~Real Active Users ~ Speed: 40-50 Reviews//Day * Min-10 Max-400 
168,1842,âœ”ï¸ FB Page Review (ğ˜ğğ¬) With Custom Comment (Non Drop) [Max-400],$29.64,10 / 400,NOT ENOUGH DATA, ~Non Drop and Manual Service ~Real Active Users ~Speed: 20-50 Reviews With Comments//Day ~ Min-10 Max-400 
169,1846,âœ”ï¸ ğ“Ì·ğ“®Ì·ğ”€Ì· FB Video Views Non Drop (Instant Start  Speed 1k-2k/day) [Min-1000  Max-Unlimited],$0.663936,1000 / 10000000,11 hours and 53 minutes, 
170,1587,Facebook Video Views [100-200K Per Day ] [ Exclusive ] [ Cheapest In Market ],$0.45448,200 / 1000000,20 hours and 37 minutes, Speed 500 - 2k / Day 30 days refill Instant - 24 hours start 
171,1711,Facebook Video Views [10M] [1H - 500K/Day],$0.0995904,500 / 100000000,55 hours and 21 minutes, Facebook Video Views [10M] [1H - 500K/Day] 
172,1712,Facebook Live Stream Views [1K] [180,$204.87168,50 / 500,NOT ENOUGH DATA, Facebook Live Stream Views [1K] [180 
173,1713,Facebook Live Stream Views [1K] [240,$273.16224,50 / 500,NOT ENOUGH DATA, Facebook Live Stream Views [1K] [240 
174,1714,Facebook Live Stream Views [1K] [300,$142.272,50 / 1000,NOT ENOUGH DATA, Facebook Live Stream Views [1K] [300 
175,1715,Facebook Monetizable Video Views [1M] [1,$0.806208,10000 / 10000000,NOT ENOUGH DATA, Facebook Monetizable Video Views [1M] [1 
176,1716,Facebook Monetizable Video Views [1M] [2' / 30'] âš¡ï¸ğŸ’§â­,$1.280448,10000 / 10000000,NOT ENOUGH DATA, Facebook Monetizable Video Views [1M] [2' / 30'] âš¡ï¸ğŸ’§â­ 
177,1717,Facebook Video Views [10M] [1H - 10K/Day] [40seconds+],$0.1280448,1000 / 100000000,NOT ENOUGH DATA, Facebook Video Views [10M] [1H - 10K/Day] [40seconds+] 
178,1718,Facebook Video Views [10M] [1H - 10K/Day] [60seconds+],$0.1707264,1000 / 10000000,07 hours and 31 minutes, Facebook Video Views [10M] [1H - 10K/Day] [60seconds+] 
179,1719,Facebook Video Views [10M] [1H - 10K/Day] [FULL VIDEO + MONETIZED],$0.284544,100 / 10000000,25 hours and 16 minutes, Facebook Video Views [10M] [1H - 10K/Day] [FULL VIDEO + MONETIZED] 
180,1831,Website Traffic From Youtube [10] [WW] [12H - 50K/Day],$0.26676,500 / 1000000,01 hours and 22 minutes, 
181,534,Website Traffic [10M] [WW] âš¡ï¸ğŸ’§â­,$0.136344,500 / 250000,06 hours and 33 minutes, Start Time: Instant - 12 hours Speed: Up to 50K/ day Specs: 100% Real & Unique Traffic Desktop Traffic - Direct Visits Google Analytics Supported You can use bit.ly to track results No Adult Drugs or other harmful websites allowed 
182,535,Website Traffic [10M] âš¡ï¸ğŸ’§â­,$0.7016152,1000 / 1000000,NOT ENOUGH DATA, Website Traffic [10M] âš¡ï¸ğŸ’§â­ 
183,536,Website Traffic From Facebook [10M] [WW] âš¡ï¸ğŸ’§,$0.3157271,500 / 250000,01 hours and 42 minutes, 12H - 50k/Day 
184,537,Website Traffic From Twitter [10M] [WW] âš¡ï¸ğŸ’§,$0.3157271,500 / 250000,02 hours and 58 minutes, Website Traffic From Twitter [10M] [WW] âš¡ï¸ğŸ’§ 
185,1635,Website Traffic From Google [1M] [WW] [12H - 50K/Day],$0.2454192,500 / 1000000,03 hours and 01 minutes, Start Time: Instant - 12 hours Speed: Up to 50K/ day Specs: 100% Real & Unique Traffic Desktop Traffic - Direct Visits Google Analytics Supported You can use bit.ly to track results No Adult Drugs or other harmful websites allowed Link Format: Full Website URL 
186,558,Website Traffic [10M] [USA] âš¡ï¸ğŸ’§,$0.5262114,1000 / 100000,14 hours and 24 minutes, Website Traffic [10M] [USA] âš¡ï¸ğŸ’§ 
187,560,Website Traffic [10M] [UAE] âš¡ï¸ğŸ’§,$0.5262114,1000 / 100000,61 hours, Website Traffic [10M] [UAE] âš¡ï¸ğŸ’§ 
188,519,Linkedin Followers [5K] âš¡ï¸ğŸ’§â­,$13.1552876,100 / 5000,266 hours and 56 minutes, Linkedin Followers [5K] âš¡ï¸ğŸ’§â­ 
189,1650,LinkedIn Profiles Followers USA [ğŸ’Real Max-300] Lifetime Guarantee,$5.96505,100 / 300,1110 hours and 01 minutes, 
190,1651,LinkedIn Company Page Followers Worldwide (Max-1000M) Lifetime Guarantee,$6.8172,100 / 1000000,338 hours and 04 minutes, 
191,1652,LinkedIn Followers [500k] [R60] [24H-300/D],$6.8172,100 / 5000000,NOT ENOUGH DATA, 
192,1653,LinkedIn Post Like USA (Max=300 )Lifetime Guarantee,$27.2688,25 / 300,960 hours and 42 minutes, 
193,1850,ğŸ‘‰ Telegram Real Channel Members ~ Best Quality in Market,$3.25,1000 / 5000,NOT ENOUGH DATA, ğŸ‘‰ Telegram channel members ğŸ‘‰Start time : 0-6hours ğŸ˜Cheapest and fastest in market ğŸ˜Real but no refill member no drop all are real ğŸ‘‰Min:1000 ğŸ‘‰Max:5000 
194,1851,ğŸ‘‰ Telegram Real Public Group Members ~ Best Quality in Market,$3.25,1000 / 5000,NOT ENOUGH DATA, ğŸ‘‰ Telegram real public group members ğŸ‘‰Start time : 0-6hours ğŸ˜Cheapest and fastest in market ğŸ˜Real but no refill member no drop still now all are real ğŸ‘‰Min:1000 ğŸ‘‰Max:5000 
195,1662,Telegram Post Views [200K] [Last 1] [1H - 200K/Day],$0.034086,100 / 200000,04 hours and 18 minutes, Start Time: Instant - 1 hour Speed: 10K to 20K/ day Refill: no Specs: Latest Post Send Post Link Or channel id Example Link: https://t.me/link_example/994 
196,1663,Telegram Post Views [150K] [Last 5] [1H - 150K/Day],$0.17043,100 / 150000,04 hours and 06 minutes, Start Time: Instant - 1 hours Speed: 24 hours delivery Refill: No refill / No refund Specs: Views Will Be Added To Your Last 5 Posts - Real 
197,1638,Twitter Video Views [10M] [R30] [INSTANT - 10M/Day] ğŸ’§,$0.28405,100 / 10000000,04 hours and 20 minutes, â–ºHigh Quality Views â–ºStart Time 0-5 minute [ Instant ] â–ºNon Drop 
198,1639,Twitter Impression [10M] [R30] [INSTANT - 10M/Day] ğŸ’§,$0.28405,100 / 10000000,06 minutes, â–ºHigh Quality Views â–ºStart Time 0-5 minute [ Instant ] â–ºNon Drop 
199,1640,Twitter Profile Click [10M] [R30] [INSTANT - 10M/Day] ğŸ’§,$0.28405,100 / 10000000,NOT ENOUGH DATA, â–ºHigh Quality Views â–ºStart Time 0-5 minute [ Instant ] â–ºNon Drop 
200,1641,Twitter Hashtag Click [10M] [R30] [INSTANT - 10M/Day] ğŸ’§,$0.28405,100 / 10000000,NOT ENOUGH DATA, â–ºHigh Quality Views â–ºStart Time 0-5 minute [ Instant ] â–ºNon Drop 
201,1642,Twitter Link Click [10M] [R30] [INSTANT - 10M/Day] ğŸ’§,$0.28405,100 / 10000000,NOT ENOUGH DATA, â–ºHigh Quality Views â–ºStart Time 0-5 minute [ Instant ] â–ºNon Drop 
202,1643,Twitter Views [1M] [1H - 100K/Day] ğŸ’§,$0.5681,100 / 1000000,NOT ENOUGH DATA, Start Time: Instant - 1 hours Speed: 10K-100K/ day Refill: 30 days maximum 
203,1644,Twitter Impressions [1M] [1H - 100K/Day] ğŸ’§,$1.1362,100 / 1000000,NOT ENOUGH DATA, Start Time: Instant - 1 hours Speed: 10K-100K/ day Refill: 30 days maximum 
204,1645,Twitter Live Video Views [2K] [15,$6.8172,20 / 2000,NOT ENOUGH DATA, Start Time: Instant Speed: 15 min watch time Refill: no Specs: Real 
205,1646,Twitter Comments [100] [USA] [SUPER QUALITY] âš¡ï¸ ğŸ’§,$36.81288,10 / 100,106 hours and 16 minutes, SUPER QUALITY USA Accounts ! No Refill / No Refund 0-1 Hour Start! Fast Delivery Minimum 10 HQ Accounts ! 
206,1648,Twitter Followers [30 Days Refill ] [ Non Drop ] [1K-3k/day],$11.24838,50 / 4000,26 hours and 43 minutes, Non Drop 30 days refill Speed 1k-3k per day 
207,1710,Twitter Followers [4K] [R30] [REAL] [12H - 1K/Day],$11.58924,50 / 4000,38 hours and 24 minutes, 
208,1775,"Amazon Prime Video 1 Month ""3 Device login only""",$455,1000 / 1000,7509 hours and 01 minutes," ""only for 3 device only"". For OTP Goto www.byom.de site and enter provided email there but without @byom.de and get otp "
209,1776,â–¶ï¸ Netflix Premium (1 Month),$4550,1000 / 1000,5712 hours and 13 minutes, *Strictly Follow these instructions before logging in :-* ğŸ‘‰*For Android* -> Clear the old netflix Data from your phone settings then Uninstall the app then Restart your Phone then install the netflix app. -> Then Enter the Login details. ğŸ‘‰*For iOS* -> uninstall App and clear safari history -> restart iphone -> install App again ğŸ‘‰*PC* -> Clear Cache + History -> Close Browser -> Open Browser and use incognito window if possible. ğŸ‘‰*TV/Streaming Device* -> Reinstall Netflix App then login *Don't change email I'd otherwise warranty will not be provided* *No Refund/Replacement in following case* ğŸ‘‰ Logged in more than 4 screen ğŸ‘‰Email changed by customer 
210,1825,ğŸ‘… Brazzers Account - 1 Year Subscription,$3250,1 / 1,NOT ENOUGH DATA, Order Delivery within 24 hours 
211,1826,ğŸ‘… PornHub Account - 1 Year Subscription,$3900,1 / 1,NOT ENOUGH DATA, Order delivery within 24 hours. 
212,565,Pinterest Followers [500K] âš¡ï¸,$2.9233971,50 / 500000,NOT ENOUGH DATA, Pinterest Followers [500K] âš¡ï¸ 
213,567,Pinterest Followers [BOARD] [500K] âš¡ï¸,$2.9233971,50 / 50000,NOT ENOUGH DATA, Pinterest Followers [BOARD] [500K] âš¡ï¸ 
214,569,Pinterest Followers [10M] âš¡ï¸,$3.6542467,20 / 10000000,NOT ENOUGH DATA, Pinterest Followers [10M] âš¡ï¸ 
215,571,Pinterest Followers [BOARD] [10M] âš¡ï¸,$3.6542467,20 / 10000000,NOT ENOUGH DATA, Pinterest Followers [BOARD] [10M] âš¡ï¸ 
216,573,Pinterest RePins [10M] ğŸ’§âš¡ï¸,$3.6542467,20 / 10000000,04 hours and 27 minutes, Pinterest RePins [10M] ğŸ’§âš¡ï¸ 
